age,gender,interest,Spentperclick,Clicks,Impressions,Total_Conversion
3.3579757448351746,2.736687425033085,3.8049162123965274,1.429999948,1,7350,2
3.3579757448351746,2.736687425033085,2.9351464045717686,0.910000012,2,17861,2
3.3579757448351746,2.736687425033085,2.6371128608923886,0.0,0,693,1
3.3579757448351746,2.736687425033085,2.862608520088835,1.25,1,4259,1
3.3579757448351746,2.736687425033085,2.862608520088835,1.289999962,1,4133,1
3.3579757448351746,2.736687425033085,3.9596877313412744,0.0,0,1915,1
3.3579757448351746,2.736687425033085,3.8049162123965274,1.589999994,3,15615,1
3.3579757448351746,2.736687425033085,2.9351464045717686,1.269999981,1,10951,1
3.3579757448351746,2.736687425033085,3.981240049911794,1.5,1,2355,1
3.3579757448351746,2.736687425033085,2.862608520088835,1.053333322,3,9502,1
3.3579757448351746,2.736687425033085,1.3790631940238238,0.0,0,1224,1
3.3579757448351746,2.736687425033085,2.474225721784777,0.0,0,735,1
3.3579757448351746,2.736687425033085,2.9351464045717686,0.0,0,5117,1
3.3579757448351746,2.736687425033085,2.9351464045717686,0.0,0,5120,1
3.3579757448351746,2.736687425033085,2.6371128608923886,1.468571459,7,14669,1
3.3579757448351746,2.736687425033085,2.862608520088835,0.0,0,1241,1
3.3579757448351746,2.736687425033085,1.7636785786392084,0.5699999929999999,1,2305,1
3.3579757448351746,2.736687425033085,1.3790631940238238,0.0,0,1024,1
2.5255246708619254,2.736687425033085,3.8049162123965274,1.6900000569999998,1,4627,1
2.5255246708619254,2.736687425033085,2.9351464045717686,1.1575000290000002,4,21026,2
2.5255246708619254,2.736687425033085,3.8049162123965274,0.0,0,1422,1
2.5255246708619254,2.736687425033085,3.8049162123965274,1.304999948,2,7132,1
2.5255246708619254,2.736687425033085,2.9351464045717686,1.524999976,2,12190,1
2.5255246708619254,2.736687425033085,2.9351464045717686,1.529999972,2,12193,1
2.5255246708619254,2.736687425033085,2.9351464045717686,0.0,0,3332,1
2.5255246708619254,2.736687425033085,2.474225721784777,0.0,0,559,1
2.5255246708619254,2.736687425033085,3.9596877313412744,1.49000001,2,7440,1
2.4922068390740257,2.736687425033085,2.9351464045717686,1.380000025,4,19113,1
2.4922068390740257,2.736687425033085,2.9351464045717686,0.845000029,2,10976,1
2.4922068390740257,2.736687425033085,2.9351464045717686,0.0,0,2861,1
2.4922068390740257,2.736687425033085,3.8049162123965274,0.0,0,1398,1
2.4922068390740257,2.736687425033085,2.9351464045717686,1.210000021,7,23817,1
2.6417524732485362,2.736687425033085,2.9351464045717686,1.318333348,12,47224,1
2.6417524732485362,2.736687425033085,1.7142257217847767,1.4700000290000002,1,2283,1
2.6417524732485362,2.736687425033085,1.9690714336383628,1.5299999709999998,1,2182,1
3.3579757448351746,2.9834341359503975,2.9351464045717686,0.0,0,2654,1
3.3579757448351746,2.9834341359503975,2.9351464045717686,1.290714264,14,57665,1
3.3579757448351746,2.9834341359503975,2.319283618959395,1.610000014,1,3091,1
3.3579757448351746,2.9834341359503975,3.8049162123965274,1.190000057,1,5014,1
3.3579757448351746,2.9834341359503975,2.9351464045717686,1.317142895,7,38726,1
3.3579757448351746,2.9834341359503975,1.996719160104987,0.0,0,1473,1
3.3579757448351746,2.9834341359503975,3.981240049911794,0.0,0,1186,1
3.3579757448351746,2.9834341359503975,3.8049162123965274,1.50999999,1,5369,1
3.3579757448351746,2.9834341359503975,3.9596877313412744,1.347142867,7,22221,1
3.3579757448351746,2.9834341359503975,2.209694532864243,0.0,0,1185,1
3.3579757448351746,2.9834341359503975,1.792782152230971,1.392000008,5,13019,1
2.5255246708619254,2.9834341359503975,2.994653446097016,1.2200000290000002,1,2508,1
2.5255246708619254,2.9834341359503975,3.981240049911794,1.399999976,2,5864,1
2.5255246708619254,2.9834341359503975,2.6371128608923886,1.600000024,1,2783,1
2.4922068390740257,2.9834341359503975,3.8049162123965274,1.129999995,1,3812,2
2.6417524732485362,2.9834341359503975,3.161112128425807,1.432500005,4,11199,1
2.6417524732485362,2.9834341359503975,3.0259285771096796,0.0,0,292,1
2.6417524732485362,2.9834341359503975,2.209694532864243,1.339999999,7,17572,1
2.6417524732485362,2.9834341359503975,3.161112128425807,0.0,0,1448,1
3.3579757448351746,2.736687425033085,3.161112128425807,0.0,0,1772,1
3.3579757448351746,2.736687425033085,3.161112128425807,1.407499999,4,13329,1
3.3579757448351746,2.736687425033085,3.8049162123965274,1.280000011,3,13659,1
3.3579757448351746,2.736687425033085,1.9690714336383628,0.0,0,739,1
3.3579757448351746,2.736687425033085,2.994653446097016,0.0,0,605,1
3.3579757448351746,2.736687425033085,1.853705786776653,0.0,0,1030,1
3.3579757448351746,2.736687425033085,3.9596877313412744,1.039999962,1,5374,4
3.3579757448351746,2.736687425033085,1.4025292293008829,0.0,0,790,1
3.3579757448351746,2.736687425033085,1.4025292293008829,0.0,0,962,1
2.5255246708619254,2.736687425033085,3.161112128425807,1.4600000380000002,1,4423,1
2.5255246708619254,2.736687425033085,2.9351464045717686,1.419999957,2,12382,1
2.5255246708619254,2.736687425033085,2.6371128608923886,1.350000024,1,2938,1
2.5255246708619254,2.736687425033085,1.327318460192476,0.0,0,239,1
2.5255246708619254,2.736687425033085,1.853705786776653,0.0,0,591,1
2.5255246708619254,2.736687425033085,3.981240049911794,1.4375,4,10332,1
2.5255246708619254,2.736687425033085,2.862608520088835,1.326666673,3,8259,1
2.5255246708619254,2.736687425033085,3.9596877313412744,1.483333309,3,12158,1
2.4922068390740257,2.736687425033085,3.9596877313412744,0.660000026,2,7709,2
2.4922068390740257,2.736687425033085,1.4025292293008829,0.0,0,834,1
2.6417524732485362,2.736687425033085,1.996719160104987,0.0,0,1299,2
2.6417524732485362,2.736687425033085,3.0259285771096796,0.0,0,371,1
2.6417524732485362,2.736687425033085,3.9596877313412744,1.3633333440000002,3,10466,1
2.6417524732485362,2.736687425033085,1.3790631940238238,0.0,0,839,1
3.3579757448351746,2.9834341359503975,3.161112128425807,1.5299999709999998,1,5576,1
3.3579757448351746,2.9834341359503975,2.9351464045717686,0.0,0,4010,1
3.3579757448351746,2.9834341359503975,2.9351464045717686,1.432857156,7,39337,1
3.3579757448351746,2.9834341359503975,1.996719160104987,0.0,0,1635,1
3.3579757448351746,2.9834341359503975,1.996719160104987,0.0,0,1631,1
3.3579757448351746,2.9834341359503975,1.853705786776653,1.416666667,3,13479,1
3.3579757448351746,2.9834341359503975,3.981240049911794,1.560769255,13,57022,3
3.3579757448351746,2.9834341359503975,3.981240049911794,1.389999986,1,5453,1
3.3579757448351746,2.9834341359503975,3.9596877313412744,1.480000019,3,11803,1
3.3579757448351746,2.9834341359503975,1.3790631940238238,1.570000052,1,4259,1
3.3579757448351746,2.9834341359503975,1.7725641437677435,0.0,0,1554,1
3.3579757448351746,2.9834341359503975,1.7725641437677435,1.289999962,1,5323,1
2.5255246708619254,2.9834341359503975,3.161112128425807,1.409999967,1,5024,1
2.5255246708619254,2.9834341359503975,2.9351464045717686,1.388750002,24,104648,4
2.5255246708619254,2.9834341359503975,1.5545777366064535,1.113333364,3,8504,1
2.5255246708619254,2.9834341359503975,3.981240049911794,1.341666679,6,20277,1
2.5255246708619254,2.9834341359503975,3.9596877313412744,1.30250001,4,12403,1
2.5255246708619254,2.9834341359503975,2.319283618959395,0.0,0,498,1
2.5255246708619254,2.9834341359503975,1.4025292293008829,0.0,0,652,0
2.5255246708619254,2.9834341359503975,2.209694532864243,0.0,0,1357,1
2.5255246708619254,2.9834341359503975,1.7725641437677435,0.0,0,1393,1
2.4922068390740257,2.9834341359503975,2.474225721784777,0.0,0,648,1
2.4922068390740257,2.9834341359503975,1.9690714336383628,0.0,0,708,1
2.4922068390740257,2.9834341359503975,1.853705786776653,1.174999982,2,6907,1
2.4922068390740257,2.9834341359503975,3.981240049911794,1.486923044,13,39035,1
2.4922068390740257,2.9834341359503975,2.862608520088835,0.0,0,926,1
2.4922068390740257,2.9834341359503975,2.209694532864243,1.4500000480000002,1,4412,1
2.4922068390740257,2.9834341359503975,1.7725641437677435,1.350000024,3,9965,1
2.6417524732485362,2.9834341359503975,3.161112128425807,1.433913034,23,73634,1
2.6417524732485362,2.9834341359503975,3.8049162123965274,1.564499975,20,69708,1
2.6417524732485362,2.9834341359503975,3.0259285771096796,0.0,0,530,1
2.6417524732485362,2.9834341359503975,2.6371128608923886,1.464999994,6,14257,1
2.6417524732485362,2.9834341359503975,3.981240049911794,1.823999977,5,20362,1
2.6417524732485362,2.9834341359503975,3.981240049911794,1.565000028,4,12215,1
2.6417524732485362,2.9834341359503975,3.9596877313412744,1.38,28,85412,2
3.3579757448351746,2.736687425033085,1.648293963254593,0.239999995,1,2338,1
3.3579757448351746,2.736687425033085,3.8049162123965274,0.0,0,2522,1
3.3579757448351746,2.736687425033085,2.9351464045717686,0.0,0,3587,1
3.3579757448351746,2.736687425033085,3.981240049911794,0.0,0,1273,1
3.3579757448351746,2.736687425033085,2.862608520088835,1.090000033,1,3891,1
3.3579757448351746,2.736687425033085,3.9596877313412744,0.0,0,1888,1
3.3579757448351746,2.736687425033085,3.9596877313412744,0.0,0,1895,1
2.5255246708619254,2.736687425033085,2.474225721784777,0.0,0,715,1
2.5255246708619254,2.736687425033085,2.9351464045717686,1.340000034,2,11199,1
2.5255246708619254,2.736687425033085,2.209694532864243,1.504999995,2,5676,1
2.4922068390740257,2.736687425033085,3.161112128425807,0.0,0,1415,1
2.4922068390740257,2.736687425033085,1.7636785786392084,1.580000043,1,2148,1
2.6417524732485362,2.736687425033085,2.9351464045717686,1.4060000419999998,10,45401,1
2.6417524732485362,2.736687425033085,1.996719160104987,1.4500000480000002,2,7478,1
2.6417524732485362,2.736687425033085,1.996719160104987,1.590000033,1,4919,1
2.6417524732485362,2.736687425033085,2.6371128608923886,0.0,0,533,1
2.6417524732485362,2.736687425033085,3.9596877313412744,0.0,0,1447,1
3.3579757448351746,2.9834341359503975,2.9351464045717686,1.530000051,3,17553,1
3.3579757448351746,2.9834341359503975,2.6371128608923886,0.540000021,1,3343,1
3.3579757448351746,2.9834341359503975,1.327318460192476,0.0,0,523,1
3.3579757448351746,2.9834341359503975,1.853705786776653,0.0,0,1873,1
3.3579757448351746,2.9834341359503975,3.981240049911794,1.915714299,7,34740,1
3.3579757448351746,2.9834341359503975,2.319283618959395,0.0,0,658,1
3.3579757448351746,2.9834341359503975,1.7725641437677435,0.0,0,1539,1
2.5255246708619254,2.9834341359503975,1.3790631940238238,0.860000014,1,3010,1
2.4922068390740257,2.9834341359503975,3.161112128425807,1.196666718,9,27081,1
2.4922068390740257,2.9834341359503975,2.9351464045717686,1.3975000380000002,4,20233,3
2.4922068390740257,2.9834341359503975,2.9351464045717686,1.6155555680000002,36,147159,3
2.4922068390740257,2.9834341359503975,1.996719160104987,1.517142824,7,21664,1
2.4922068390740257,2.9834341359503975,3.0259285771096796,1.36500001,4,9112,1
2.4922068390740257,2.9834341359503975,1.9690714336383628,0.0,0,542,1
2.4922068390740257,2.9834341359503975,1.7636785786392084,0.0,0,402,1
2.4922068390740257,2.9834341359503975,1.7725641437677435,0.0,0,1338,1
2.6417524732485362,2.9834341359503975,3.161112128425807,1.345333322,15,46150,1
2.6417524732485362,2.9834341359503975,2.9351464045717686,1.5205172219999998,116,493821,4
2.6417524732485362,2.9834341359503975,2.9351464045717686,1.273703721,27,92011,2
2.6417524732485362,2.9834341359503975,1.996719160104987,1.372500003,4,12956,1
2.6417524732485362,2.9834341359503975,3.0259285771096796,0.0,0,529,1
2.6417524732485362,2.9834341359503975,1.7142257217847767,1.419999957,1,944,1
2.6417524732485362,2.9834341359503975,1.853705786776653,1.367631586,38,111090,5
3.3579757448351746,2.736687425033085,3.161112128425807,1.5950000290000002,2,7208,1
3.3579757448351746,2.736687425033085,3.161112128425807,0.0,0,1746,1
3.3579757448351746,2.736687425033085,3.8049162123965274,0.0,0,2474,2
3.3579757448351746,2.736687425033085,2.9351464045717686,0.980000019,2,12489,1
3.3579757448351746,2.736687425033085,2.9351464045717686,0.600000024,1,8032,2
3.3579757448351746,2.736687425033085,1.9690714336383628,0.0,0,472,1
3.3579757448351746,2.736687425033085,1.7725641437677435,0.0,0,792,1
2.5255246708619254,2.736687425033085,3.8049162123965274,1.149999976,1,4607,1
2.5255246708619254,2.736687425033085,2.9351464045717686,1.590000034,2,13355,1
2.5255246708619254,2.736687425033085,2.9351464045717686,0.0,0,2936,1
2.5255246708619254,2.736687425033085,1.5545777366064535,0.980000019,1,2793,1
2.5255246708619254,2.736687425033085,2.862608520088835,0.0,0,1032,1
2.5255246708619254,2.736687425033085,3.9596877313412744,0.0,0,1662,1
2.4922068390740257,2.736687425033085,1.648293963254593,0.740000025,2,4016,1
2.4922068390740257,2.736687425033085,2.9351464045717686,0.979999979,3,14843,1
2.6417524732485362,2.736687425033085,3.161112128425807,1.5333333409999998,3,9674,1
2.6417524732485362,2.736687425033085,2.9351464045717686,1.334999979,2,12186,1
2.6417524732485362,2.736687425033085,2.6371128608923886,0.0,0,673,1
2.6417524732485362,2.736687425033085,1.9690714336383628,0.0,0,370,1
2.6417524732485362,2.736687425033085,1.853705786776653,0.0,0,450,1
3.3579757448351746,2.9834341359503975,3.161112128425807,0.0,0,2077,1
3.3579757448351746,2.9834341359503975,3.161112128425807,1.370000064,8,31393,1
3.3579757448351746,2.9834341359503975,3.8049162123965274,1.179999948,2,8410,1
3.3579757448351746,2.9834341359503975,2.9351464045717686,1.4700000290000002,5,25884,1
3.3579757448351746,2.9834341359503975,1.9690714336383628,0.0,0,608,1
3.3579757448351746,2.9834341359503975,1.5545777366064535,0.934000003,10,28488,1
3.3579757448351746,2.9834341359503975,1.853705786776653,1.5399999619999998,3,10126,1
3.3579757448351746,2.9834341359503975,3.981240049911794,1.7,5,22572,1
3.3579757448351746,2.9834341359503975,3.981240049911794,0.0,0,1955,1
3.3579757448351746,2.9834341359503975,1.7636785786392084,0.0,0,493,1
3.3579757448351746,2.9834341359503975,2.209694532864243,0.0,0,1491,1
3.3579757448351746,2.9834341359503975,1.7725641437677435,0.0,0,1495,1
2.5255246708619254,2.9834341359503975,1.9690714336383628,0.0,0,512,0
2.5255246708619254,2.9834341359503975,2.994653446097016,1.210000038,2,4868,1
2.5255246708619254,2.9834341359503975,1.853705786776653,1.475000024,2,6585,1
2.5255246708619254,2.9834341359503975,3.981240049911794,1.860000015,2,10164,1
2.5255246708619254,2.9834341359503975,3.9596877313412744,1.112499952,4,11182,1
2.5255246708619254,2.9834341359503975,2.209694532864243,0.0,0,1238,1
2.4922068390740257,2.9834341359503975,2.9351464045717686,1.633750021,8,34127,1
2.4922068390740257,2.9834341359503975,2.9351464045717686,1.5499999530000002,7,29466,2
2.4922068390740257,2.9834341359503975,2.9351464045717686,1.205555519,9,38759,1
2.4922068390740257,2.9834341359503975,2.9351464045717686,1.206000006,10,41720,1
2.6417524732485362,2.9834341359503975,3.8049162123965274,1.7720000269999998,5,18602,1
2.6417524732485362,2.9834341359503975,2.9351464045717686,1.320476169,21,83929,4
2.6417524732485362,2.9834341359503975,2.9351464045717686,1.224999984,6,25194,1
2.6417524732485362,2.9834341359503975,2.9351464045717686,1.3963158130000002,19,78627,1
2.6417524732485362,2.9834341359503975,2.9351464045717686,1.577199993,25,102695,3
2.6417524732485362,2.9834341359503975,3.981240049911794,1.997083346,24,82827,3
2.6417524732485362,2.9834341359503975,3.981240049911794,2.013333321,3,9240,1
2.6417524732485362,2.9834341359503975,3.9596877313412744,1.184999943,2,7706,1
2.6417524732485362,2.9834341359503975,1.3790631940238238,1.5850000380000002,4,7821,1
2.6417524732485362,2.9834341359503975,1.7725641437677435,0.0,0,1363,1
2.6417524732485362,2.9834341359503975,3.8049162123965274,0.0,0,3569,1
2.6417524732485362,2.9834341359503975,2.9351464045717686,1.565294103,34,119063,1
2.6417524732485362,2.9834341359503975,2.9351464045717686,1.556521717,23,99078,2
2.6417524732485362,2.9834341359503975,2.9351464045717686,1.580877204,114,452398,1
2.6417524732485362,2.9834341359503975,3.161112128425807,1.5918750119999998,48,191223,1
2.6417524732485362,2.9834341359503975,3.161112128425807,1.5916666590000002,6,22216,1
2.6417524732485362,2.9834341359503975,3.161112128425807,1.638181816,11,48291,1
2.4922068390740257,2.9834341359503975,2.209694532864243,1.67125,8,27559,1
2.6417524732485362,2.9834341359503975,2.994653446097016,1.147500008,4,10194,2
2.6417524732485362,2.9834341359503975,1.327318460192476,0.0,0,1168,1
2.6417524732485362,2.9834341359503975,1.9690714336383628,1.616250001,16,40126,1
2.6417524732485362,2.9834341359503975,3.0259285771096796,0.49000001,1,3659,1
3.3579757448351746,2.736687425033085,3.161112128425807,0.0,0,3200,1
2.6417524732485362,2.9834341359503975,3.9596877313412744,1.679999948,1,7550,1
2.6417524732485362,2.9834341359503975,2.862608520088835,1.694666624,15,45397,1
3.3579757448351746,2.736687425033085,2.9351464045717686,1.655000031,2,23086,1
3.3579757448351746,2.736687425033085,2.9351464045717686,1.5499999519999998,1,16425,1
3.3579757448351746,2.736687425033085,2.9351464045717686,1.087999988,5,43756,0
3.3579757448351746,2.736687425033085,2.9351464045717686,0.0,0,9982,1
2.6417524732485362,2.9834341359503975,1.853705786776653,1.483818143,55,175389,1
3.3579757448351746,2.736687425033085,3.8049162123965274,0.0,0,7015,1
2.6417524732485362,2.9834341359503975,1.792782152230971,1.663333297,3,12706,1
2.6417524732485362,2.9834341359503975,1.792782152230971,1.58549999,20,70702,1
2.6417524732485362,2.9834341359503975,2.209694532864243,1.5950000290000002,16,63927,2
2.6417524732485362,2.9834341359503975,2.209694532864243,1.419999997,3,15105,1
3.3579757448351746,2.9834341359503975,3.8049162123965274,1.830000043,1,8774,1
3.3579757448351746,2.9834341359503975,2.9351464045717686,1.389999986,1,14459,1
3.3579757448351746,2.9834341359503975,2.9351464045717686,1.404999972,2,21596,1
3.3579757448351746,2.9834341359503975,2.9351464045717686,1.381249964,8,66765,1
3.3579757448351746,2.9834341359503975,2.474225721784777,0.0,0,1369,1
3.3579757448351746,2.9834341359503975,3.161112128425807,1.445999956,5,26910,1
3.3579757448351746,2.9834341359503975,1.648293963254593,0.0,0,506,1
2.6417524732485362,2.736687425033085,2.209694532864243,1.423333287,3,11988,1
2.6417524732485362,2.736687425033085,1.7725641437677435,1.5799999830000002,6,19353,1
2.4922068390740257,2.736687425033085,3.9596877313412744,1.4450000530000002,2,10960,1
3.3579757448351746,2.736687425033085,3.8049162123965274,1.761666615,6,33491,2
3.3579757448351746,2.736687425033085,3.8049162123965274,1.600000024,2,20083,2
3.3579757448351746,2.736687425033085,2.9351464045717686,0.0,0,8817,1
3.3579757448351746,2.736687425033085,2.9351464045717686,0.970000029,1,15466,1
3.3579757448351746,2.736687425033085,2.9351464045717686,1.4566666680000002,3,27072,1
3.3579757448351746,2.736687425033085,2.9351464045717686,0.5699999929999999,1,15753,1
2.4922068390740257,2.736687425033085,3.0259285771096796,1.809999943,1,3523,1
2.4922068390740257,2.736687425033085,2.9351464045717686,0.0,0,7745,1
2.4922068390740257,2.736687425033085,2.9351464045717686,1.659999967,2,18709,1
2.4922068390740257,2.736687425033085,2.9351464045717686,0.0,0,8022,2
3.3579757448351746,2.736687425033085,3.161112128425807,1.179999948,1,7966,1
3.3579757448351746,2.736687425033085,3.161112128425807,0.0,0,4132,1
3.3579757448351746,2.736687425033085,3.161112128425807,1.576666673,3,12785,2
3.3579757448351746,2.736687425033085,3.161112128425807,1.379999995,1,8213,1
3.3579757448351746,2.736687425033085,1.648293963254593,0.0,0,545,1
2.4922068390740257,2.736687425033085,1.327318460192476,1.25999999,1,2479,1
2.4922068390740257,2.736687425033085,1.648293963254593,1.524999976,2,3812,1
2.6417524732485362,2.736687425033085,1.9690714336383628,0.0,0,1609,1
2.6417524732485362,2.736687425033085,2.6371128608923886,1.193333308,3,10257,1
2.4922068390740257,2.736687425033085,3.161112128425807,1.569999993,4,12356,1
2.6417524732485362,2.736687425033085,1.996719160104987,1.210000038,1,7410,1
2.6417524732485362,2.736687425033085,2.9351464045717686,1.665357147,28,140098,1
2.6417524732485362,2.736687425033085,2.9351464045717686,1.722000006,20,107021,1
2.5255246708619254,2.736687425033085,1.4025292293008829,1.289999962,1,2797,1
2.6417524732485362,2.736687425033085,2.474225721784777,1.536666632,6,16461,1
2.4922068390740257,2.736687425033085,2.209694532864243,1.543999982,5,17488,1
2.5255246708619254,2.736687425033085,3.161112128425807,0.75,2,9750,1
2.6417524732485362,2.736687425033085,1.4025292293008829,0.0,0,1136,1
2.6417524732485362,2.736687425033085,2.209694532864243,0.180000007,1,4333,1
2.5255246708619254,2.736687425033085,2.9351464045717686,0.0,0,6260,1
2.5255246708619254,2.736687425033085,2.9351464045717686,0.0,0,6359,1
3.3579757448351746,2.736687425033085,2.209694532864243,0.0,0,2383,1
2.4922068390740257,2.736687425033085,3.981240049911794,1.7966666219999998,3,11292,1
3.3579757448351746,2.736687425033085,1.7725641437677435,1.444999963,4,12729,1
3.3579757448351746,2.736687425033085,1.7725641437677435,0.0,0,1898,1
3.3579757448351746,2.736687425033085,1.7725641437677435,0.0,0,1882,1
3.3579757448351746,2.736687425033085,1.792782152230971,0.99000001,1,2883,1
3.3579757448351746,2.9834341359503975,2.474225721784777,1.2799999709999998,1,3989,1
2.4922068390740257,2.736687425033085,3.9596877313412744,1.319999993,4,19603,1
2.4922068390740257,2.736687425033085,1.7142257217847767,1.379999995,1,3047,1
2.5255246708619254,2.736687425033085,1.7142257217847767,1.049999952,1,3029,1
2.6417524732485362,2.736687425033085,1.853705786776653,1.340000033,1,3490,1
2.6417524732485362,2.736687425033085,2.862608520088835,0.0,0,2479,1
2.4922068390740257,2.736687425033085,3.0259285771096796,1.489999976,7,19581,2
2.6417524732485362,2.736687425033085,3.9596877313412744,1.219999981,5,19537,1
2.6417524732485362,2.736687425033085,2.9351464045717686,1.638333291,12,59433,3
2.6417524732485362,2.736687425033085,2.9351464045717686,1.702727296,33,157534,2
2.4922068390740257,2.736687425033085,2.474225721784777,0.0,0,1781,1
2.4922068390740257,2.736687425033085,2.9351464045717686,1.507499963,4,23769,1
2.4922068390740257,2.736687425033085,2.9351464045717686,0.0,0,7101,1
2.5255246708619254,2.736687425033085,1.7725641437677435,1.830000043,1,4726,1
3.3579757448351746,2.736687425033085,3.0259285771096796,0.959999979,1,5209,2
3.3579757448351746,2.736687425033085,1.996719160104987,0.873333315,3,13473,3
2.4922068390740257,2.736687425033085,1.648293963254593,0.0,0,500,1
3.3579757448351746,2.736687425033085,2.6371128608923886,1.360000014,1,4616,1
3.3579757448351746,2.736687425033085,1.3790631940238238,0.0,0,3279,1
3.3579757448351746,2.736687425033085,1.3790631940238238,0.0,0,3288,1
2.5255246708619254,2.736687425033085,3.981240049911794,1.5125000480000002,4,14615,1
3.3579757448351746,2.736687425033085,3.981240049911794,1.656666696,12,56615,2
3.3579757448351746,2.736687425033085,1.853705786776653,1.50999999,3,11735,1
3.3579757448351746,2.736687425033085,1.853705786776653,1.35599997,5,15910,1
2.5255246708619254,2.736687425033085,3.9596877313412744,1.5450000169999998,2,11446,1
2.5255246708619254,2.736687425033085,3.9596877313412744,0.0,0,4595,1
3.3579757448351746,2.736687425033085,3.9596877313412744,0.0,0,4871,1
2.5255246708619254,2.736687425033085,2.862608520088835,0.0,0,3199,1
3.3579757448351746,2.736687425033085,2.862608520088835,1.5700000530000002,2,9388,1
3.3579757448351746,2.736687425033085,2.862608520088835,1.2566667,6,17954,2
2.4922068390740257,2.9834341359503975,3.9596877313412744,0.0,0,2755,1
2.4922068390740257,2.9834341359503975,3.981240049911794,0.99000001,1,8152,1
2.4922068390740257,2.9834341359503975,3.981240049911794,1.797368426,19,74542,1
2.4922068390740257,2.9834341359503975,2.6371128608923886,1.5450000169999998,2,6699,1
2.4922068390740257,2.9834341359503975,2.6371128608923886,0.98999998,4,11911,1
2.4922068390740257,2.736687425033085,3.9596877313412744,1.325000048,2,10090,1
3.3579757448351746,2.736687425033085,2.319283618959395,0.0,0,1273,1
2.4922068390740257,2.9834341359503975,1.996719160104987,1.635999966,5,24188,1
3.3579757448351746,2.736687425033085,1.3790631940238238,0.0,0,2214,1
2.4922068390740257,2.736687425033085,2.319283618959395,1.0325000290000002,4,9735,1
3.3579757448351746,2.736687425033085,1.7636785786392084,0.0,0,1371,1
2.4922068390740257,2.9834341359503975,1.5545777366064535,1.347499967,4,10750,1
3.3579757448351746,2.736687425033085,3.9596877313412744,0.720000029,1,7629,1
3.3579757448351746,2.736687425033085,3.9596877313412744,0.0,0,4608,1
2.5255246708619254,2.736687425033085,3.9596877313412744,0.0,0,3732,1
3.3579757448351746,2.736687425033085,2.862608520088835,1.679999948,1,7453,1
2.5255246708619254,2.9834341359503975,1.7725641437677435,1.364285741,14,41785,1
2.5255246708619254,2.736687425033085,3.981240049911794,1.7899999619999998,2,8077,1
2.5255246708619254,2.9834341359503975,2.209694532864243,1.580000043,1,5602,1
3.3579757448351746,2.736687425033085,1.853705786776653,1.375,2,6184,1
3.3579757448351746,2.736687425033085,1.853705786776653,0.0,0,1738,1
2.5255246708619254,2.9834341359503975,3.981240049911794,1.651600027,25,112460,1
2.4922068390740257,2.736687425033085,3.8049162123965274,0.0,0,4414,1
2.5255246708619254,2.9834341359503975,1.7636785786392084,1.344285761,7,14670,1
3.3579757448351746,2.9834341359503975,1.7725641437677435,1.489999983,9,33144,1
2.6417524732485362,2.736687425033085,1.7725641437677435,0.949999988,1,4397,1
2.6417524732485362,2.736687425033085,1.792782152230971,0.0,0,1006,1
2.5255246708619254,2.9834341359503975,3.161112128425807,1.345416665,24,89527,1
2.5255246708619254,2.9834341359503975,3.8049162123965274,0.0,0,2459,1
2.5255246708619254,2.9834341359503975,3.8049162123965274,0.86500001,2,7116,1
3.3579757448351746,2.9834341359503975,3.8049162123965274,0.889999986,1,8613,2
2.5255246708619254,2.9834341359503975,2.9351464045717686,1.379999995,1,9730,1
3.3579757448351746,2.9834341359503975,2.9351464045717686,1.278749988,8,51816,2
3.3579757448351746,2.9834341359503975,2.9351464045717686,1.476666609,3,27289,1
3.3579757448351746,2.9834341359503975,3.9596877313412744,0.957499981,4,20409,1
3.3579757448351746,2.9834341359503975,3.9596877313412744,1.110000014,1,8044,1
3.3579757448351746,2.9834341359503975,2.862608520088835,1.337499976,4,15645,1
3.3579757448351746,2.9834341359503975,1.3790631940238238,0.0,0,2466,2
2.6417524732485362,2.736687425033085,3.161112128425807,1.316666683,3,11611,1
2.6417524732485362,2.736687425033085,2.474225721784777,1.339999994,3,9375,1
3.3579757448351746,2.9834341359503975,2.319283618959395,1.330000043,1,4402,1
3.3579757448351746,2.9834341359503975,1.996719160104987,1.544999957,2,8469,1
3.3579757448351746,2.9834341359503975,1.996719160104987,1.419999957,1,5823,1
2.5255246708619254,2.736687425033085,3.161112128425807,0.0,0,2549,1
2.5255246708619254,2.736687425033085,2.9351464045717686,1.504999995,4,25817,1
3.3579757448351746,2.9834341359503975,2.6371128608923886,0.0,0,1961,1
3.3579757448351746,2.9834341359503975,1.5545777366064535,0.0,0,2554,1
3.3579757448351746,2.9834341359503975,2.994653446097016,1.230000019,1,4971,1
2.5255246708619254,2.9834341359503975,1.327318460192476,0.0,0,1030,1
2.6417524732485362,2.9834341359503975,3.9596877313412744,1.376428566,56,162341,3
2.6417524732485362,2.9834341359503975,3.9596877313412744,1.332857132,7,24542,1
3.3579757448351746,2.9834341359503975,1.792782152230971,0.0,0,2879,1
3.3579757448351746,2.9834341359503975,1.7725641437677435,1.3633333440000002,3,13621,1
3.3579757448351746,2.9834341359503975,2.209694532864243,1.370000005,1,6175,2
3.3579757448351746,2.9834341359503975,2.862608520088835,0.0,0,2963,1
3.3579757448351746,2.9834341359503975,3.9596877313412744,1.379999995,1,9076,1
3.3579757448351746,2.9834341359503975,3.9596877313412744,1.4774999919999998,4,20941,1
2.6417524732485362,2.9834341359503975,3.161112128425807,0.0,0,3462,1
3.3579757448351746,2.9834341359503975,1.853705786776653,0.0,0,4073,1
3.3579757448351746,2.9834341359503975,3.981240049911794,0.0,0,3745,1
3.3579757448351746,2.9834341359503975,1.7142257217847767,0.0,0,830,1
2.6417524732485362,2.9834341359503975,1.996719160104987,0.0,0,2912,1
2.6417524732485362,2.9834341359503975,1.996719160104987,1.382000017,5,17167,1
3.3579757448351746,2.9834341359503975,1.5545777366064535,1.3628571369999998,7,24491,1
3.3579757448351746,2.9834341359503975,1.5545777366064535,1.330769259,13,44699,2
3.3579757448351746,2.9834341359503975,1.327318460192476,0.654999972,2,6469,1
2.6417524732485362,2.9834341359503975,2.9351464045717686,1.359999975,3,16053,1
2.6417524732485362,2.9834341359503975,2.9351464045717686,1.494166663,12,54724,1
3.3579757448351746,2.9834341359503975,1.9690714336383628,1.2200000290000002,1,4706,1
2.4922068390740257,2.9834341359503975,2.319283618959395,1.523333311,3,8316,1
2.4922068390740257,2.9834341359503975,1.5545777366064535,1.134999991,2,5794,1
2.4922068390740257,2.9834341359503975,1.996719160104987,1.0299999709999998,1,4813,1
2.4922068390740257,2.9834341359503975,3.161112128425807,1.389615398,26,85285,1
2.4922068390740257,2.9834341359503975,3.161112128425807,1.370000005,1,5839,1
2.4922068390740257,2.9834341359503975,3.8049162123965274,1.5399999619999998,1,5859,1
2.4922068390740257,2.9834341359503975,2.9351464045717686,1.440731706,41,164118,1
2.5255246708619254,2.9834341359503975,2.209694532864243,1.301666677,6,18234,1
2.5255246708619254,2.9834341359503975,1.7725641437677435,0.0,0,2755,1
2.5255246708619254,2.9834341359503975,3.981240049911794,1.425,20,73676,1
2.5255246708619254,2.9834341359503975,3.981240049911794,1.439999989,7,18421,1
2.5255246708619254,2.9834341359503975,3.9596877313412744,1.387346934,49,164754,2
2.5255246708619254,2.9834341359503975,3.161112128425807,1.639999986,1,7449,1
2.5255246708619254,2.9834341359503975,3.161112128425807,0.5299999710000001,1,6424,1
3.3579757448351746,2.736687425033085,2.209694532864243,0.0,0,2086,1
2.5255246708619254,2.736687425033085,2.9351464045717686,0.0,0,6016,1
2.5255246708619254,2.736687425033085,3.8049162123965274,1.370000005,1,6412,1
3.3579757448351746,2.9834341359503975,2.209694532864243,1.4400000569999998,1,5040,1
3.3579757448351746,2.9834341359503975,2.319283618959395,0.0,0,1772,1
3.3579757448351746,2.9834341359503975,2.319283618959395,0.0,0,1783,1
2.5255246708619254,2.736687425033085,2.6371128608923886,1.306666652,3,8200,1
2.6417524732485362,2.9834341359503975,1.853705786776653,1.301052633,38,115896,1
2.5255246708619254,2.9834341359503975,2.9351464045717686,1.230000019,1,10186,1
3.3579757448351746,2.736687425033085,2.6371128608923886,1.393333356,3,9134,2
3.3579757448351746,2.736687425033085,2.6371128608923886,1.4400000569999998,1,3385,1
2.6417524732485362,2.9834341359503975,1.9690714336383628,0.0,0,1314,1
3.3579757448351746,2.736687425033085,1.996719160104987,0.0,0,2916,1
3.3579757448351746,2.736687425033085,1.996719160104987,1.330000043,1,6142,1
3.3579757448351746,2.9834341359503975,2.6371128608923886,0.0,0,1984,1
3.3579757448351746,2.736687425033085,1.7142257217847767,1.24999996,3,9142,1
3.3579757448351746,2.736687425033085,1.7142257217847767,1.36500001,2,5475,1
3.3579757448351746,2.9834341359503975,1.996719160104987,1.160000026,2,8254,1
3.3579757448351746,2.9834341359503975,1.996719160104987,1.320000052,1,5704,1
3.3579757448351746,2.9834341359503975,2.9351464045717686,0.0,0,7301,1
3.3579757448351746,2.9834341359503975,2.9351464045717686,1.233999991,5,37873,1
3.3579757448351746,2.9834341359503975,2.9351464045717686,1.235000014,4,25267,2
3.3579757448351746,2.9834341359503975,1.7636785786392084,0.0,0,535,1
3.3579757448351746,2.736687425033085,3.9596877313412744,0.0,0,3396,1
3.3579757448351746,2.736687425033085,1.853705786776653,0.0,0,977,1
2.4922068390740257,2.9834341359503975,2.209694532864243,1.268000031,5,12318,1
3.3579757448351746,2.9834341359503975,2.862608520088835,0.860000014,1,4783,1
3.3579757448351746,2.9834341359503975,3.9596877313412744,1.350000024,1,6475,1
2.6417524732485362,2.9834341359503975,2.9351464045717686,1.353448309,29,104578,1
2.6417524732485362,2.9834341359503975,3.161112128425807,1.137272759,11,33664,1
2.4922068390740257,2.9834341359503975,2.6371128608923886,0.0,0,979,1
2.4922068390740257,2.9834341359503975,2.862608520088835,1.359999975,3,7337,1
3.3579757448351746,2.736687425033085,3.161112128425807,0.0,0,2499,1
2.4922068390740257,2.9834341359503975,3.981240049911794,1.51666673,3,11244,1
3.3579757448351746,2.736687425033085,3.8049162123965274,0.0,0,4827,1
2.5255246708619254,2.9834341359503975,3.9596877313412744,1.272857155,7,29035,2
2.5255246708619254,2.9834341359503975,1.7636785786392084,0.0,0,761,1
2.5255246708619254,2.9834341359503975,1.853705786776653,1.610000014,1,6532,1
2.4922068390740257,2.9834341359503975,3.161112128425807,1.433333397,3,11537,1
2.4922068390740257,2.9834341359503975,3.161112128425807,0.956666648,3,12183,1
2.5255246708619254,2.9834341359503975,1.7725641437677435,1.5599999430000002,1,5912,1
3.3579757448351746,2.736687425033085,3.161112128425807,1.570000052,1,4012,1
3.3579757448351746,2.736687425033085,2.9351464045717686,1.605000019,2,12396,2
3.3579757448351746,2.736687425033085,2.9351464045717686,0.0,0,3142,2
3.3579757448351746,2.736687425033085,1.996719160104987,0.0,0,1120,1
3.3579757448351746,2.736687425033085,2.6371128608923886,0.0,0,343,1
3.3579757448351746,2.736687425033085,3.8049162123965274,0.0,0,1720,1
3.3579757448351746,2.736687425033085,2.9351464045717686,0.0,0,3423,1
3.3579757448351746,2.736687425033085,2.9351464045717686,0.0,0,3242,1
3.3579757448351746,2.736687425033085,2.9351464045717686,1.379999995,1,15720,1
3.3579757448351746,2.736687425033085,3.161112128425807,0.0,0,1217,1
2.4922068390740257,2.736687425033085,2.6371128608923886,1.419999957,2,2367,1
2.5255246708619254,2.736687425033085,2.9351464045717686,1.320000052,1,6607,2
3.3579757448351746,2.736687425033085,1.7725641437677435,0.0,0,616,1
2.6417524732485362,2.736687425033085,2.9351464045717686,1.519999981,1,5537,1
2.6417524732485362,2.736687425033085,3.8049162123965274,0.0,0,818,1
2.6417524732485362,2.736687425033085,1.9690714336383628,0.980000019,1,1909,1
3.3579757448351746,2.736687425033085,1.9690714336383628,0.0,0,351,1
2.6417524732485362,2.736687425033085,1.5545777366064535,0.0,0,572,1
2.4922068390740257,2.736687425033085,1.4025292293008829,1.409999967,1,1884,1
3.3579757448351746,2.736687425033085,1.7636785786392084,0.0,0,219,1
3.3579757448351746,2.736687425033085,2.319283618959395,0.0,0,540,1
3.3579757448351746,2.736687425033085,2.319283618959395,0.0,0,550,1
3.3579757448351746,2.736687425033085,1.853705786776653,0.0,0,465,1
3.3579757448351746,2.736687425033085,3.9596877313412744,0.0,0,1761,1
3.3579757448351746,2.736687425033085,1.792782152230971,0.0,0,152,1
3.3579757448351746,2.736687425033085,1.792782152230971,0.0,0,152,1
3.3579757448351746,2.736687425033085,1.7725641437677435,0.0,0,429,1
3.3579757448351746,2.736687425033085,3.9596877313412744,0.0,0,1514,2
3.3579757448351746,2.736687425033085,2.862608520088835,1.443333308,3,7780,2
2.5255246708619254,2.736687425033085,2.862608520088835,0.0,0,460,1
2.5255246708619254,2.736687425033085,2.862608520088835,0.0,0,471,1
2.5255246708619254,2.736687425033085,2.862608520088835,1.070000052,1,2633,1
3.3579757448351746,2.736687425033085,3.981240049911794,0.0,0,199,1
2.5255246708619254,2.736687425033085,2.319283618959395,0.0,0,398,1
3.3579757448351746,2.736687425033085,1.7142257217847767,0.0,0,246,2
2.4922068390740257,2.736687425033085,3.161112128425807,1.5,1,2967,1
2.6417524732485362,2.736687425033085,1.4025292293008829,0.0,0,255,1
3.3579757448351746,2.9834341359503975,2.474225721784777,0.0,0,457,1
3.3579757448351746,2.9834341359503975,3.161112128425807,1.230000019,1,5517,1
3.3579757448351746,2.9834341359503975,3.161112128425807,0.0,0,1539,1
3.3579757448351746,2.9834341359503975,2.9351464045717686,0.0,0,3189,1
3.3579757448351746,2.9834341359503975,2.9351464045717686,0.0,0,3348,1
3.3579757448351746,2.9834341359503975,2.9351464045717686,1.164999962,4,20050,4
2.6417524732485362,2.736687425033085,2.9351464045717686,0.0,0,2254,1
2.6417524732485362,2.736687425033085,2.9351464045717686,1.5399999619999998,1,5894,1
2.5255246708619254,2.736687425033085,2.9351464045717686,1.360000015,2,9948,2
2.6417524732485362,2.9834341359503975,1.853705786776653,1.429999987,3,5307,2
2.5255246708619254,2.9834341359503975,1.5545777366064535,1.625,2,4621,1
2.5255246708619254,2.9834341359503975,1.996719160104987,0.0,0,784,1
2.5255246708619254,2.9834341359503975,2.9351464045717686,1.580000043,1,5775,1
2.5255246708619254,2.9834341359503975,2.9351464045717686,1.309999943,2,9297,2
2.5255246708619254,2.9834341359503975,3.8049162123965274,0.0,0,699,1
2.5255246708619254,2.9834341359503975,3.161112128425807,0.0,0,1104,1
3.3579757448351746,2.9834341359503975,1.7725641437677435,1.5399999619999998,1,3717,1
3.3579757448351746,2.9834341359503975,2.862608520088835,1.590000033,1,2879,2
3.3579757448351746,2.9834341359503975,2.862608520088835,1.389999986,1,2749,1
2.6417524732485362,2.9834341359503975,3.161112128425807,1.376666704,9,24028,2
3.3579757448351746,2.9834341359503975,3.9596877313412744,0.0,0,1118,1
3.3579757448351746,2.9834341359503975,1.853705786776653,0.0,0,1083,2
3.3579757448351746,2.9834341359503975,3.981240049911794,0.0,0,843,1
3.3579757448351746,2.9834341359503975,2.994653446097016,0.970000029,1,2983,1
3.3579757448351746,2.9834341359503975,2.994653446097016,0.0,0,696,1
2.6417524732485362,2.9834341359503975,2.9351464045717686,1.5750000480000002,2,7589,1
2.6417524732485362,2.9834341359503975,2.9351464045717686,1.194999981,10,20997,1
2.6417524732485362,2.9834341359503975,2.9351464045717686,1.360000014,1,4617,1
2.6417524732485362,2.9834341359503975,2.6371128608923886,0.0,0,259,1
3.3579757448351746,2.9834341359503975,1.996719160104987,0.0,0,1134,1
2.4922068390740257,2.9834341359503975,3.981240049911794,0.0,0,357,1
2.4922068390740257,2.9834341359503975,3.161112128425807,0.0,0,848,1
2.4922068390740257,2.9834341359503975,3.161112128425807,1.480000019,1,3149,1
2.4922068390740257,2.9834341359503975,1.648293963254593,0.0,0,87,1
2.5255246708619254,2.9834341359503975,3.981240049911794,1.480000019,1,2563,1
2.5255246708619254,2.9834341359503975,3.161112128425807,0.0,0,1107,1
2.6417524732485362,2.9834341359503975,1.7725641437677435,1.453999996,5,10677,1
2.5255246708619254,2.9834341359503975,1.5545777366064535,0.409999996,1,2189,1
2.6417524732485362,2.9834341359503975,3.981240049911794,1.340000034,2,3277,1
2.6417524732485362,2.9834341359503975,1.853705786776653,0.0,0,781,1
2.5255246708619254,2.9834341359503975,2.9351464045717686,0.0,0,2226,1
2.5255246708619254,2.9834341359503975,2.9351464045717686,1.519999981,4,16274,2
2.6417524732485362,2.9834341359503975,2.6371128608923886,1.50999999,1,2077,1
3.3579757448351746,2.9834341359503975,2.6371128608923886,0.0,0,529,0
3.3579757448351746,2.9834341359503975,2.6371128608923886,0.0,0,487,1
3.3579757448351746,2.9834341359503975,2.6371128608923886,1.049999953,2,4626,2
3.3579757448351746,2.9834341359503975,2.862608520088835,1.5599999430000002,1,2764,1
2.6417524732485362,2.9834341359503975,3.161112128425807,1.480000019,2,5447,1
2.4922068390740257,2.9834341359503975,2.9351464045717686,1.546249986,8,28169,1
2.4922068390740257,2.9834341359503975,3.981240049911794,0.0,0,415,1
2.5255246708619254,2.9834341359503975,3.9596877313412744,0.0,0,810,1
3.3579757448351746,2.736687425033085,3.161112128425807,1.801773021,141,1194718,28
3.3579757448351746,2.736687425033085,3.161112128425807,1.826865672,67,637648,13
3.3579757448351746,2.736687425033085,3.161112128425807,0.0,0,24362,1
3.3579757448351746,2.736687425033085,3.161112128425807,1.726600022,50,459690,5
3.3579757448351746,2.736687425033085,3.161112128425807,1.882674408,86,750060,11
3.3579757448351746,2.736687425033085,3.8049162123965274,1.820000052,1,30068,1
3.3579757448351746,2.736687425033085,3.8049162123965274,1.924959338,123,1267550,24
3.3579757448351746,2.736687425033085,3.8049162123965274,1.882205877,340,3052003,60
3.3579757448351746,2.736687425033085,3.8049162123965274,1.590000033,1,29945,2
3.3579757448351746,2.736687425033085,3.8049162123965274,1.7656666719999998,30,357856,7
3.3579757448351746,2.736687425033085,2.9351464045717686,1.7829208,202,2080666,40
3.3579757448351746,2.736687425033085,2.9351464045717686,1.835555567,9,145999,5
3.3579757448351746,2.736687425033085,2.9351464045717686,1.5399999619999998,1,32616,2
3.3579757448351746,2.736687425033085,2.9351464045717686,1.725263128,95,984521,26
3.3579757448351746,2.736687425033085,1.996719160104987,1.710243907,123,880814,6
3.3579757448351746,2.736687425033085,1.996719160104987,1.7865000130000002,20,182452,4
3.3579757448351746,2.736687425033085,1.996719160104987,1.7986666619999998,120,894911,7
3.3579757448351746,2.736687425033085,1.996719160104987,1.900000036,2,31349,1
3.3579757448351746,2.736687425033085,3.0259285771096796,1.76000001,55,410310,3
3.3579757448351746,2.736687425033085,3.0259285771096796,1.7677527869999998,89,572450,7
3.3579757448351746,2.736687425033085,3.0259285771096796,1.771333297,15,98759,1
3.3579757448351746,2.736687425033085,3.0259285771096796,1.723888887,54,345371,7
3.3579757448351746,2.736687425033085,2.6371128608923886,1.715652178,46,323899,5
3.3579757448351746,2.736687425033085,2.6371128608923886,1.778448279,58,399199,3
3.3579757448351746,2.736687425033085,2.6371128608923886,1.660454555,22,171202,3
3.3579757448351746,2.736687425033085,2.6371128608923886,1.923333335,15,128386,2
3.3579757448351746,2.736687425033085,2.6371128608923886,1.695460517,152,1034284,20
3.3579757448351746,2.736687425033085,2.6371128608923886,1.44400003,5,45923,2
3.3579757448351746,2.736687425033085,1.9690714336383628,1.974999994,4,40873,2
3.3579757448351746,2.736687425033085,1.9690714336383628,1.82529413,34,286553,2
3.3579757448351746,2.736687425033085,1.9690714336383628,2.099999905,1,20618,2
3.3579757448351746,2.736687425033085,1.9690714336383628,2.020000066,7,83591,2
3.3579757448351746,2.736687425033085,1.9690714336383628,1.977500022,12,114923,4
3.3579757448351746,2.736687425033085,1.5545777366064535,1.7100000380000002,1,25002,1
3.3579757448351746,2.736687425033085,1.5545777366064535,1.888000011,5,68905,1
3.3579757448351746,2.736687425033085,1.5545777366064535,1.7374999530000002,16,169588,1
3.3579757448351746,2.736687425033085,1.5545777366064535,1.932857159,35,328991,5
3.3579757448351746,2.736687425033085,1.327318460192476,1.49000001,2,23198,1
3.3579757448351746,2.736687425033085,1.327318460192476,1.620000005,2,26890,1
3.3579757448351746,2.736687425033085,1.327318460192476,1.685806455,31,221695,5
3.3579757448351746,2.736687425033085,1.7142257217847767,1.862857171,7,88443,1
3.3579757448351746,2.736687425033085,1.7142257217847767,1.669130424,23,187856,5
3.3579757448351746,2.736687425033085,2.994653446097016,1.734624996,80,570699,9
3.3579757448351746,2.736687425033085,2.994653446097016,1.7957241469999998,145,1063508,23
3.3579757448351746,2.736687425033085,2.994653446097016,1.4249999919999998,6,50523,1
3.3579757448351746,2.736687425033085,1.853705786776653,1.7366666919999998,9,87935,1
3.3579757448351746,2.736687425033085,1.853705786776653,1.824242411,33,278225,3
3.3579757448351746,2.736687425033085,1.853705786776653,1.709500003,20,209461,1
3.3579757448351746,2.736687425033085,1.853705786776653,1.620000005,2,26316,3
3.3579757448351746,2.736687425033085,3.981240049911794,1.713333368,3,41030,2
3.3579757448351746,2.736687425033085,3.981240049911794,1.804666652,120,876671,22
3.3579757448351746,2.736687425033085,3.981240049911794,1.756037744,53,399392,5
3.3579757448351746,2.736687425033085,3.981240049911794,1.868666641,30,283858,1
3.3579757448351746,2.736687425033085,3.981240049911794,1.745161249,31,260699,5
3.3579757448351746,2.736687425033085,2.862608520088835,1.560000014,5,57781,2
3.3579757448351746,2.736687425033085,2.862608520088835,1.74000001,3,38757,1
3.3579757448351746,2.736687425033085,2.862608520088835,1.740533995,206,1392288,31
3.3579757448351746,2.736687425033085,2.862608520088835,1.767232701,159,1109387,13
3.3579757448351746,2.736687425033085,3.9596877313412744,1.771076935,65,581281,10
3.3579757448351746,2.736687425033085,3.9596877313412744,1.7169531409999998,128,1048861,22
3.3579757448351746,2.736687425033085,3.9596877313412744,1.733999995,30,297452,4
3.3579757448351746,2.736687425033085,3.9596877313412744,1.604999997,22,227925,22
3.3579757448351746,2.736687425033085,3.9596877313412744,1.666315816,38,374175,8
3.3579757448351746,2.736687425033085,1.7636785786392084,1.695000012,32,223586,1
3.3579757448351746,2.736687425033085,1.7636785786392084,1.672564102,39,283170,2
3.3579757448351746,2.736687425033085,1.7636785786392084,1.403333346,3,41636,1
3.3579757448351746,2.736687425033085,1.7636785786392084,1.620333326,30,198658,8
3.3579757448351746,2.736687425033085,1.3790631940238238,1.3919999719999998,10,100596,4
3.3579757448351746,2.736687425033085,1.3790631940238238,2.21199994,5,64020,1
3.3579757448351746,2.736687425033085,1.3790631940238238,0.0,0,14289,1
3.3579757448351746,2.736687425033085,2.319283618959395,2.033023274,43,404866,4
3.3579757448351746,2.736687425033085,2.319283618959395,1.659999967,1,22256,1
3.3579757448351746,2.736687425033085,2.319283618959395,1.685000003,4,57690,1
3.3579757448351746,2.736687425033085,1.4025292293008829,1.644000053,5,24952,3
3.3579757448351746,2.736687425033085,1.4025292293008829,1.860000014,3,38900,1
3.3579757448351746,2.736687425033085,1.4025292293008829,1.538333317,6,53520,1
3.3579757448351746,2.736687425033085,1.4025292293008829,1.711499986,20,181683,2
3.3579757448351746,2.736687425033085,1.4025292293008829,1.574999988,2,29185,1
3.3579757448351746,2.736687425033085,1.4025292293008829,1.554615338,13,105047,3
3.3579757448351746,2.736687425033085,2.209694532864243,1.917419349,31,287976,3
3.3579757448351746,2.736687425033085,2.209694532864243,1.754090895,22,212175,2
3.3579757448351746,2.736687425033085,2.209694532864243,0.0,0,11139,1
3.3579757448351746,2.736687425033085,2.209694532864243,1.986363617,11,124005,4
3.3579757448351746,2.736687425033085,2.209694532864243,1.960000038,1,20423,1
3.3579757448351746,2.736687425033085,1.7725641437677435,1.594285718,14,103001,1
3.3579757448351746,2.736687425033085,1.7725641437677435,1.670303017,66,447420,7
3.3579757448351746,2.736687425033085,1.7725641437677435,1.565789499,19,156101,2
3.3579757448351746,2.736687425033085,1.7725641437677435,1.539166679,12,93015,1
3.3579757448351746,2.736687425033085,1.792782152230971,1.575652185,23,145398,1
3.3579757448351746,2.736687425033085,1.792782152230971,1.528799992,50,296413,3
3.3579757448351746,2.736687425033085,1.648293963254593,0.0,0,9370,1
3.3579757448351746,2.736687425033085,1.648293963254593,1.685714313,7,63785,6
3.3579757448351746,2.736687425033085,1.648293963254593,1.915714272,14,118522,2
3.3579757448351746,2.736687425033085,1.648293963254593,1.728157925,38,240123,5
3.3579757448351746,2.736687425033085,2.474225721784777,1.612000013,20,169108,2
3.3579757448351746,2.736687425033085,2.474225721784777,1.729577464,142,1044442,22
3.3579757448351746,2.736687425033085,2.474225721784777,1.603636373,11,93891,5
3.3579757448351746,2.736687425033085,2.474225721784777,1.541999974,25,185823,4
3.3579757448351746,2.736687425033085,1.404636920384952,1.772173892,23,175631,1
3.3579757448351746,2.736687425033085,1.404636920384952,1.592500001,4,37187,1
3.3579757448351746,2.736687425033085,1.404636920384952,0.0,0,10991,1
3.3579757448351746,2.736687425033085,1.404636920384952,1.760000009,51,344618,3
2.5255246708619254,2.736687425033085,3.161112128425807,1.794444456,9,98066,1
2.5255246708619254,2.736687425033085,3.161112128425807,1.891299984,100,770749,13
2.5255246708619254,2.736687425033085,3.161112128425807,1.70599997,5,52553,1
2.5255246708619254,2.736687425033085,3.161112128425807,1.737692341,39,362296,7
2.5255246708619254,2.736687425033085,3.161112128425807,1.937999978,50,427729,4
2.5255246708619254,2.736687425033085,3.8049162123965274,1.768095243,21,180351,1
2.5255246708619254,2.736687425033085,3.8049162123965274,1.833103435,29,187329,2
2.5255246708619254,2.736687425033085,3.8049162123965274,1.634999996,118,782894,5
2.5255246708619254,2.736687425033085,2.9351464045717686,1.844687491,128,1206533,17
2.5255246708619254,2.736687425033085,2.9351464045717686,1.79571431,7,84494,2
2.5255246708619254,2.736687425033085,2.9351464045717686,1.797142914,7,94257,1
2.5255246708619254,2.736687425033085,1.996719160104987,1.753124974,16,131060,2
2.5255246708619254,2.736687425033085,1.996719160104987,1.669600024,50,341603,4
2.5255246708619254,2.736687425033085,1.996719160104987,1.604210521,19,140749,1
2.5255246708619254,2.736687425033085,1.996719160104987,1.561538448,13,102525,2
2.5255246708619254,2.736687425033085,3.0259285771096796,1.934999975,68,447952,8
2.5255246708619254,2.736687425033085,3.0259285771096796,1.625555542,9,76355,2
2.5255246708619254,2.736687425033085,2.6371128608923886,1.696578929,38,256598,6
2.5255246708619254,2.736687425033085,2.6371128608923886,1.435714313,21,127476,3
2.5255246708619254,2.736687425033085,2.6371128608923886,1.682432439,37,237603,5
2.5255246708619254,2.736687425033085,1.9690714336383628,1.858095234,42,271091,3
2.5255246708619254,2.736687425033085,1.9690714336383628,1.7000000480000002,2,21743,1
2.5255246708619254,2.736687425033085,1.5545777366064535,1.48300004,10,88970,2
2.5255246708619254,2.736687425033085,1.5545777366064535,1.725384602,13,108362,1
2.5255246708619254,2.736687425033085,1.5545777366064535,1.6348148269999998,27,188596,3
2.5255246708619254,2.736687425033085,1.5545777366064535,1.619999999,43,275080,4
2.5255246708619254,2.736687425033085,1.327318460192476,1.626999998,10,64647,1
2.5255246708619254,2.736687425033085,1.327318460192476,1.447499976,4,31265,1
2.5255246708619254,2.736687425033085,1.327318460192476,1.75333334,24,140147,2
2.5255246708619254,2.736687425033085,1.327318460192476,1.691749996,40,223120,1
2.5255246708619254,2.736687425033085,1.327318460192476,1.892777827,18,104869,1
2.5255246708619254,2.736687425033085,1.7142257217847767,1.813913029,23,165177,4
2.5255246708619254,2.736687425033085,1.7142257217847767,1.779090892,11,84194,1
2.5255246708619254,2.736687425033085,1.7142257217847767,1.850645161,31,220581,1
2.5255246708619254,2.736687425033085,2.994653446097016,1.736999965,10,75804,2
2.5255246708619254,2.736687425033085,2.994653446097016,1.6998304919999998,59,368986,0
2.5255246708619254,2.736687425033085,2.994653446097016,1.23666664,3,28194,2
2.5255246708619254,2.736687425033085,1.853705786776653,1.6578571290000002,14,99961,1
2.5255246708619254,2.736687425033085,1.853705786776653,0.0,0,7573,1
2.5255246708619254,2.736687425033085,3.981240049911794,1.727087371,103,685781,10
2.5255246708619254,2.736687425033085,3.981240049911794,1.5527907,43,274222,2
2.5255246708619254,2.736687425033085,3.981240049911794,1.307199998,25,110503,4
2.5255246708619254,2.736687425033085,2.862608520088835,1.80506437,233,1447755,11
2.5255246708619254,2.736687425033085,2.862608520088835,1.683653859,52,358987,1
2.5255246708619254,2.736687425033085,2.862608520088835,1.858960006,125,826205,5
2.5255246708619254,2.736687425033085,2.862608520088835,1.7873809669999998,84,550954,3
2.5255246708619254,2.736687425033085,2.862608520088835,1.754181831,55,378350,4
2.5255246708619254,2.736687425033085,3.9596877313412744,1.705535738,56,492784,7
2.5255246708619254,2.736687425033085,3.9596877313412744,1.681627914,43,327158,6
2.5255246708619254,2.736687425033085,3.9596877313412744,0.0,0,9921,1
2.5255246708619254,2.736687425033085,3.9596877313412744,1.841999984,5,59390,5
2.5255246708619254,2.736687425033085,3.9596877313412744,1.7295918630000002,147,1040330,13
2.5255246708619254,2.736687425033085,1.7636785786392084,1.861666718,6,49422,1
2.5255246708619254,2.736687425033085,1.7636785786392084,1.901666681,18,131091,3
2.5255246708619254,2.736687425033085,1.7636785786392084,1.684000007,15,95691,1
2.5255246708619254,2.736687425033085,1.3790631940238238,1.289999962,1,15513,1
2.5255246708619254,2.736687425033085,2.319283618959395,1.809365098,63,382537,4
2.5255246708619254,2.736687425033085,2.319283618959395,1.892187472,64,461356,6
2.5255246708619254,2.736687425033085,2.319283618959395,1.862264154,53,392541,3
2.5255246708619254,2.736687425033085,1.4025292293008829,1.760000014,5,35088,1
2.5255246708619254,2.736687425033085,1.4025292293008829,1.654999991,6,53933,3
2.5255246708619254,2.736687425033085,2.209694532864243,1.617878769,33,228861,4
2.5255246708619254,2.736687425033085,2.209694532864243,1.884999991,2,20959,1
2.5255246708619254,2.736687425033085,1.7725641437677435,1.5950000290000002,2,24992,1
2.5255246708619254,2.736687425033085,1.7725641437677435,1.611999997,15,100351,2
2.5255246708619254,2.736687425033085,1.7725641437677435,1.788372086,43,292448,2
2.5255246708619254,2.736687425033085,1.7725641437677435,2.074285729,7,65060,1
2.5255246708619254,2.736687425033085,1.7725641437677435,1.722380979,21,133316,2
2.5255246708619254,2.736687425033085,1.792782152230971,1.4784615680000002,26,113501,5
2.5255246708619254,2.736687425033085,1.792782152230971,1.510487804,41,192810,4
2.5255246708619254,2.736687425033085,1.648293963254593,1.637441879,43,233404,2
2.5255246708619254,2.736687425033085,1.648293963254593,1.566666663,24,128843,2
2.5255246708619254,2.736687425033085,1.648293963254593,1.715833356,12,63564,2
2.5255246708619254,2.736687425033085,1.648293963254593,1.770000015,14,85970,1
2.5255246708619254,2.736687425033085,2.474225721784777,1.846249961,16,131232,1
2.5255246708619254,2.736687425033085,2.474225721784777,1.720454536,22,152454,1
2.5255246708619254,2.736687425033085,2.474225721784777,1.145000011,2,28989,1
2.5255246708619254,2.736687425033085,1.404636920384952,1.612666687,15,80248,1
2.5255246708619254,2.736687425033085,1.404636920384952,1.703999996,5,38580,1
2.4922068390740257,2.736687425033085,3.161112128425807,1.795164835,91,621591,5
2.4922068390740257,2.736687425033085,3.161112128425807,1.615000001,36,250499,3
2.4922068390740257,2.736687425033085,3.161112128425807,1.628333323,18,131637,2
2.4922068390740257,2.736687425033085,3.161112128425807,1.6860869509999998,69,463813,4
2.4922068390740257,2.736687425033085,3.161112128425807,1.739999975,35,211767,5
2.4922068390740257,2.736687425033085,3.8049162123965274,1.539230805,26,163181,1
2.4922068390740257,2.736687425033085,2.9351464045717686,1.7691836630000002,147,1117385,11
2.4922068390740257,2.736687425033085,2.9351464045717686,1.753512196,205,1663441,17
2.4922068390740257,2.736687425033085,2.9351464045717686,1.957592585,54,455248,5
2.4922068390740257,2.736687425033085,2.9351464045717686,1.776666682,6,75589,1
2.4922068390740257,2.736687425033085,2.9351464045717686,1.747560987,82,594267,3
2.4922068390740257,2.736687425033085,2.9351464045717686,1.857999958,35,315281,1
2.4922068390740257,2.736687425033085,3.0259285771096796,1.655774644,71,363456,7
2.4922068390740257,2.736687425033085,3.0259285771096796,1.770740742,81,438983,3
2.4922068390740257,2.736687425033085,3.0259285771096796,1.931999969,5,42563,1
2.4922068390740257,2.736687425033085,2.6371128608923886,1.663999993,75,399035,7
2.4922068390740257,2.736687425033085,2.6371128608923886,1.670338986,59,304680,3
2.4922068390740257,2.736687425033085,2.6371128608923886,1.772608705,23,140596,1
2.4922068390740257,2.736687425033085,2.6371128608923886,1.685999999,80,439986,4
2.4922068390740257,2.736687425033085,2.6371128608923886,1.759999991,11,75803,2
2.4922068390740257,2.736687425033085,1.9690714336383628,0.0,0,7073,1
2.4922068390740257,2.736687425033085,1.5545777366064535,1.536071441,28,153586,2
2.4922068390740257,2.736687425033085,1.5545777366064535,1.3751612830000002,31,180815,1
2.4922068390740257,2.736687425033085,1.5545777366064535,1.486078428,51,253169,1
2.4922068390740257,2.736687425033085,1.5545777366064535,1.542000008,5,34453,1
2.4922068390740257,2.736687425033085,1.327318460192476,1.75499998,8,51550,1
2.4922068390740257,2.736687425033085,1.327318460192476,1.660833319,24,110018,1
2.4922068390740257,2.736687425033085,1.7142257217847767,1.7514285530000002,21,137584,1
2.4922068390740257,2.736687425033085,1.7142257217847767,1.828999984,30,209825,1
2.4922068390740257,2.736687425033085,2.994653446097016,1.3934920569999998,63,264222,1
2.4922068390740257,2.736687425033085,1.853705786776653,1.346000004,5,31202,1
2.4922068390740257,2.736687425033085,3.981240049911794,1.568163251,49,252991,3
2.4922068390740257,2.736687425033085,3.981240049911794,1.726666636,9,56265,1
2.4922068390740257,2.736687425033085,3.9596877313412744,1.606363644,11,76923,2
2.4922068390740257,2.736687425033085,3.9596877313412744,1.6533333380000002,30,209332,3
2.4922068390740257,2.736687425033085,3.9596877313412744,1.718387065,31,214094,1
2.4922068390740257,2.736687425033085,3.9596877313412744,1.493294113,85,526209,3
2.4922068390740257,2.736687425033085,3.9596877313412744,1.496833342,120,741143,4
2.4922068390740257,2.736687425033085,3.9596877313412744,1.5368000169999998,25,172827,2
2.4922068390740257,2.736687425033085,1.7636785786392084,1.542105261,38,188873,1
2.4922068390740257,2.736687425033085,1.7636785786392084,1.589199991,25,123126,2
2.4922068390740257,2.736687425033085,1.3790631940238238,1.365000001,14,77794,1
2.4922068390740257,2.736687425033085,2.319283618959395,1.7566666869999998,9,56630,1
2.4922068390740257,2.736687425033085,2.319283618959395,1.658470614,85,400844,4
2.4922068390740257,2.736687425033085,2.319283618959395,1.687777784,36,208572,2
2.4922068390740257,2.736687425033085,1.4025292293008829,1.688750014,8,59004,1
2.4922068390740257,2.736687425033085,1.4025292293008829,1.721875001,32,196253,1
2.4922068390740257,2.736687425033085,2.209694532864243,1.578750014,8,51858,1
2.4922068390740257,2.736687425033085,2.209694532864243,1.660408168,49,280764,2
2.4922068390740257,2.736687425033085,1.7725641437677435,1.49727273,11,63660,1
2.4922068390740257,2.736687425033085,1.7725641437677435,1.633157893,19,109289,1
2.4922068390740257,2.736687425033085,1.792782152230971,1.518249992,40,188440,2
2.4922068390740257,2.736687425033085,1.648293963254593,1.700681849,44,212496,2
2.4922068390740257,2.736687425033085,1.648293963254593,1.496000004,5,32574,1
2.4922068390740257,2.736687425033085,1.648293963254593,1.5860869780000002,23,128595,1
2.4922068390740257,2.736687425033085,2.474225721784777,1.417916678,48,242234,2
2.4922068390740257,2.736687425033085,1.404636920384952,1.575999999,5,33154,1
2.4922068390740257,2.736687425033085,1.404636920384952,1.4600000380000002,1,9773,1
2.6417524732485362,2.736687425033085,3.161112128425807,1.60454546,77,464036,3
2.6417524732485362,2.736687425033085,3.161112128425807,1.810000016,75,478480,3
2.6417524732485362,2.736687425033085,3.161112128425807,1.770909092,66,428812,4
2.6417524732485362,2.736687425033085,3.161112128425807,1.65457014,221,1177535,15
2.6417524732485362,2.736687425033085,3.161112128425807,1.78166665,72,426500,4
2.6417524732485362,2.736687425033085,3.8049162123965274,1.539999979,7,54237,2
2.6417524732485362,2.736687425033085,3.8049162123965274,1.502247175,89,506916,2
2.6417524732485362,2.736687425033085,3.8049162123965274,1.5447618930000002,42,250960,2
2.6417524732485362,2.736687425033085,2.9351464045717686,1.70929179,353,2286228,16
2.6417524732485362,2.736687425033085,2.9351464045717686,1.7644799919999998,125,915451,6
2.6417524732485362,2.736687425033085,2.9351464045717686,1.694999999,20,159478,3
2.6417524732485362,2.736687425033085,2.9351464045717686,1.678789491,190,1228924,6
2.6417524732485362,2.736687425033085,2.9351464045717686,1.855522389,134,938283,7
2.6417524732485362,2.736687425033085,1.996719160104987,1.574230772,26,154572,1
2.6417524732485362,2.736687425033085,1.996719160104987,1.560714297,70,378171,1
2.6417524732485362,2.736687425033085,1.996719160104987,1.5966666369999998,84,468749,6
2.6417524732485362,2.736687425033085,3.0259285771096796,1.72316666,60,309823,4
2.6417524732485362,2.736687425033085,3.0259285771096796,1.7932307630000002,65,327227,5
2.6417524732485362,2.736687425033085,3.0259285771096796,1.670833325,72,334945,2
2.6417524732485362,2.736687425033085,3.0259285771096796,1.6973333119999998,15,68859,1
2.6417524732485362,2.736687425033085,2.6371128608923886,1.7839999919999998,20,127125,2
2.6417524732485362,2.736687425033085,2.6371128608923886,1.647250008,80,415798,3
2.6417524732485362,2.736687425033085,2.6371128608923886,1.495500011,20,107671,1
2.6417524732485362,2.736687425033085,2.6371128608923886,1.671071436,28,164356,2
2.6417524732485362,2.736687425033085,2.6371128608923886,1.594999969,2,17662,1
2.6417524732485362,2.736687425033085,1.9690714336383628,1.667999983,10,65339,2
2.6417524732485362,2.736687425033085,1.9690714336383628,1.587142876,7,59838,1
2.6417524732485362,2.736687425033085,1.9690714336383628,1.5749382630000002,81,381577,2
2.6417524732485362,2.736687425033085,1.5545777366064535,1.376249999,8,45491,1
2.6417524732485362,2.736687425033085,1.327318460192476,1.7999999530000002,2,18946,1
2.6417524732485362,2.736687425033085,1.327318460192476,1.869999998,18,114370,1
2.6417524732485362,2.736687425033085,1.327318460192476,1.5880952330000002,21,99698,1
2.6417524732485362,2.736687425033085,1.7142257217847767,1.587777774,81,355165,4
2.6417524732485362,2.736687425033085,2.994653446097016,1.475217405,23,101431,1
2.6417524732485362,2.736687425033085,2.994653446097016,1.518333346,24,123151,2
2.6417524732485362,2.736687425033085,1.853705786776653,1.442499995,4,24078,1
2.6417524732485362,2.736687425033085,3.981240049911794,1.730666677,105,517801,3
2.6417524732485362,2.736687425033085,3.981240049911794,1.656800003,25,145104,2
2.6417524732485362,2.736687425033085,3.981240049911794,1.67657142,35,179950,1
2.6417524732485362,2.736687425033085,3.981240049911794,1.746521735,46,258531,2
2.6417524732485362,2.736687425033085,3.981240049911794,1.684838703,62,272500,3
2.6417524732485362,2.736687425033085,2.862608520088835,1.539122816,57,273197,3
2.6417524732485362,2.736687425033085,2.862608520088835,1.476686058,172,775904,4
2.6417524732485362,2.736687425033085,2.862608520088835,1.516923079,26,120251,1
2.6417524732485362,2.736687425033085,2.862608520088835,1.627083312,24,139406,1
2.6417524732485362,2.736687425033085,2.862608520088835,1.5399999619999998,11,60314,2
2.6417524732485362,2.736687425033085,3.9596877313412744,1.6594185869999998,86,563074,4
2.6417524732485362,2.736687425033085,3.9596877313412744,1.5166666569999998,18,168655,2
2.6417524732485362,2.736687425033085,3.9596877313412744,1.728235259,17,111963,2
2.6417524732485362,2.736687425033085,3.9596877313412744,1.652261896,168,1026304,17
2.6417524732485362,2.736687425033085,3.9596877313412744,1.6389147430000002,258,1391924,17
2.6417524732485362,2.736687425033085,3.9596877313412744,1.750000038,22,147551,1
2.6417524732485362,2.736687425033085,1.3790631940238238,1.925555533,9,66794,1
2.6417524732485362,2.736687425033085,1.3790631940238238,1.700526313,19,118882,2
2.6417524732485362,2.736687425033085,1.3790631940238238,1.748749976,24,148010,1
2.6417524732485362,2.736687425033085,2.319283618959395,1.789086289,197,932890,3
2.6417524732485362,2.736687425033085,2.319283618959395,1.799931971,147,718359,4
2.6417524732485362,2.736687425033085,2.319283618959395,1.934146339,82,433658,5
2.6417524732485362,2.736687425033085,2.319283618959395,1.589999994,3,29455,1
2.6417524732485362,2.736687425033085,1.4025292293008829,1.606666684,3,23973,1
2.6417524732485362,2.736687425033085,2.209694532864243,1.4904,25,126480,1
2.6417524732485362,2.736687425033085,2.209694532864243,1.411428596,28,138959,1
2.6417524732485362,2.736687425033085,2.209694532864243,1.623333315,12,68829,1
2.6417524732485362,2.736687425033085,1.7725641437677435,1.638,10,49916,1
2.6417524732485362,2.736687425033085,1.792782152230971,1.416875019,16,76014,1
2.6417524732485362,2.736687425033085,1.648293963254593,1.599000025,10,50947,1
2.6417524732485362,2.736687425033085,1.404636920384952,1.549999995,11,55536,1
3.3579757448351746,2.9834341359503975,3.161112128425807,1.400217391,46,318042,8
3.3579757448351746,2.9834341359503975,3.161112128425807,1.473999985,30,213016,8
3.3579757448351746,2.9834341359503975,3.8049162123965274,1.414074077,27,182265,2
3.3579757448351746,2.9834341359503975,3.8049162123965274,1.514406791,177,1117371,26
3.3579757448351746,2.9834341359503975,3.8049162123965274,1.49211539,52,333345,5
3.3579757448351746,2.9834341359503975,2.9351464045717686,1.5593333319999998,30,275930,5
3.3579757448351746,2.9834341359503975,2.9351464045717686,1.516039579,101,740631,9
3.3579757448351746,2.9834341359503975,2.9351464045717686,1.599714293,35,328272,2
3.3579757448351746,2.9834341359503975,2.9351464045717686,1.57700001,20,178455,6
3.3579757448351746,2.9834341359503975,2.9351464045717686,1.503469378,98,705712,6
3.3579757448351746,2.9834341359503975,1.996719160104987,1.7535165069999998,91,690373,5
3.3579757448351746,2.9834341359503975,1.996719160104987,1.704782601,69,515812,3
3.3579757448351746,2.9834341359503975,1.996719160104987,1.702772253,101,764793,4
3.3579757448351746,2.9834341359503975,3.0259285771096796,1.64545458,11,87832,1
3.3579757448351746,2.9834341359503975,3.0259285771096796,1.433333397,3,23368,1
3.3579757448351746,2.9834341359503975,3.0259285771096796,1.65285715,7,51509,1
3.3579757448351746,2.9834341359503975,3.0259285771096796,1.530000001,16,87043,2
3.3579757448351746,2.9834341359503975,3.0259285771096796,1.501504409,113,565565,7
3.3579757448351746,2.9834341359503975,2.6371128608923886,1.4451162869999998,43,253758,4
3.3579757448351746,2.9834341359503975,2.6371128608923886,1.503529417,51,319131,6
3.3579757448351746,2.9834341359503975,2.6371128608923886,1.5011538290000002,130,670608,11
3.3579757448351746,2.9834341359503975,1.9690714336383628,1.534400005,25,159123,5
3.3579757448351746,2.9834341359503975,1.9690714336383628,1.6379999790000002,15,103709,3
3.3579757448351746,2.9834341359503975,1.9690714336383628,1.653555563,45,271589,9
3.3579757448351746,2.9834341359503975,1.9690714336383628,1.673499954,20,119772,5
3.3579757448351746,2.9834341359503975,1.5545777366064535,1.406666676,3,26340,1
3.3579757448351746,2.9834341359503975,1.5545777366064535,1.3303603659999998,111,594968,4
3.3579757448351746,2.9834341359503975,1.327318460192476,0.0,0,6838,1
3.3579757448351746,2.9834341359503975,1.7142257217847767,1.593333348,39,185665,1
3.3579757448351746,2.9834341359503975,1.7142257217847767,1.520000021,3,24959,1
3.3579757448351746,2.9834341359503975,1.7142257217847767,1.524347818,23,136967,3
3.3579757448351746,2.9834341359503975,1.7142257217847767,1.542631588,19,107548,1
3.3579757448351746,2.9834341359503975,2.994653446097016,1.4278991369999998,119,588617,2
3.3579757448351746,2.9834341359503975,1.853705786776653,1.601153846,26,190560,3
3.3579757448351746,2.9834341359503975,1.853705786776653,1.544897975,49,373110,4
3.3579757448351746,2.9834341359503975,3.981240049911794,1.508647048,170,935646,19
3.3579757448351746,2.9834341359503975,3.981240049911794,1.4543943069999998,421,2223278,38
3.3579757448351746,2.9834341359503975,3.981240049911794,1.4400000240000002,36,240497,1
3.3579757448351746,2.9834341359503975,3.981240049911794,1.480810816,37,259984,5
3.3579757448351746,2.9834341359503975,2.862608520088835,1.4098425280000002,127,606786,11
3.3579757448351746,2.9834341359503975,2.862608520088835,1.364615385,13,83270,1
3.3579757448351746,2.9834341359503975,2.862608520088835,1.401940285,268,1189509,7
3.3579757448351746,2.9834341359503975,2.862608520088835,1.570000052,1,11471,0
3.3579757448351746,2.9834341359503975,3.9596877313412744,1.4558643999999998,295,1705246,23
3.3579757448351746,2.9834341359503975,3.9596877313412744,1.5214285790000002,63,418016,3
3.3579757448351746,2.9834341359503975,3.9596877313412744,1.273333311,3,30155,1
3.3579757448351746,2.9834341359503975,3.9596877313412744,1.48065359,153,990404,12
3.3579757448351746,2.9834341359503975,1.7636785786392084,1.491764724,34,187468,2
3.3579757448351746,2.9834341359503975,1.7636785786392084,1.653636391,33,208301,1
3.3579757448351746,2.9834341359503975,1.7636785786392084,1.576250024,16,101856,4
3.3579757448351746,2.9834341359503975,1.3790631940238238,1.4242857519999998,7,48935,1
3.3579757448351746,2.9834341359503975,1.3790631940238238,1.730000019,1,13911,1
3.3579757448351746,2.9834341359503975,2.319283618959395,1.598571453,77,511726,8
3.3579757448351746,2.9834341359503975,2.319283618959395,1.5762500069999998,24,177452,2
3.3579757448351746,2.9834341359503975,2.319283618959395,1.651999969,20,149808,1
3.3579757448351746,2.9834341359503975,2.319283618959395,1.7503333280000002,60,390339,9
3.3579757448351746,2.9834341359503975,2.319283618959395,0.0,0,8350,1
3.3579757448351746,2.9834341359503975,1.4025292293008829,1.482499987,4,39339,1
3.3579757448351746,2.9834341359503975,2.209694532864243,0.0,0,8587,1
3.3579757448351746,2.9834341359503975,2.209694532864243,1.875,2,24893,1
3.3579757448351746,2.9834341359503975,2.209694532864243,1.6191509169999998,212,1296189,14
3.3579757448351746,2.9834341359503975,2.209694532864243,1.599166642,12,91607,2
3.3579757448351746,2.9834341359503975,1.7725641437677435,1.606052571,38,238036,6
3.3579757448351746,2.9834341359503975,1.7725641437677435,1.604857142,35,254344,2
3.3579757448351746,2.9834341359503975,1.7725641437677435,1.705652185,23,157705,2
3.3579757448351746,2.9834341359503975,1.7725641437677435,1.652999973,60,411571,6
3.3579757448351746,2.9834341359503975,1.7725641437677435,1.470909065,11,94136,1
3.3579757448351746,2.9834341359503975,1.792782152230971,1.498125024,16,82640,1
3.3579757448351746,2.9834341359503975,1.792782152230971,1.310000003,2,17870,1
3.3579757448351746,2.9834341359503975,1.648293963254593,1.389999986,2,19178,1
3.3579757448351746,2.9834341359503975,1.648293963254593,0.0,0,5264,1
3.3579757448351746,2.9834341359503975,1.648293963254593,1.5132142990000002,28,145548,2
3.3579757448351746,2.9834341359503975,1.648293963254593,1.469999981,15,82455,1
3.3579757448351746,2.9834341359503975,2.474225721784777,1.4742856869999998,7,44189,2
3.3579757448351746,2.9834341359503975,2.474225721784777,1.401428563,7,45199,1
3.3579757448351746,2.9834341359503975,2.474225721784777,1.475581413,43,221843,5
3.3579757448351746,2.9834341359503975,1.404636920384952,1.758333325,6,41672,2
2.5255246708619254,2.9834341359503975,3.161112128425807,1.557600016,25,127546,2
2.5255246708619254,2.9834341359503975,3.161112128425807,1.358214272,28,127865,3
2.5255246708619254,2.9834341359503975,3.161112128425807,1.372489076,229,1025327,16
2.5255246708619254,2.9834341359503975,3.161112128425807,1.4012903230000002,124,561415,3
2.5255246708619254,2.9834341359503975,3.8049162123965274,1.49280005,25,132803,2
2.5255246708619254,2.9834341359503975,3.8049162123965274,1.314999998,2,24664,1
2.5255246708619254,2.9834341359503975,2.9351464045717686,1.533779074,172,1020561,7
2.5255246708619254,2.9834341359503975,2.9351464045717686,1.553596485,114,682143,6
2.5255246708619254,2.9834341359503975,2.9351464045717686,1.546936934,222,1247717,11
2.5255246708619254,2.9834341359503975,2.9351464045717686,1.444782583,23,146406,1
2.5255246708619254,2.9834341359503975,2.9351464045717686,1.4575155169999998,161,905699,4
2.5255246708619254,2.9834341359503975,2.9351464045717686,1.535206176,194,1184580,14
2.5255246708619254,2.9834341359503975,1.996719160104987,1.5504999819999998,20,98057,1
2.5255246708619254,2.9834341359503975,3.0259285771096796,1.511785694,56,238735,4
2.5255246708619254,2.9834341359503975,3.0259285771096796,1.504935099,77,320657,2
2.5255246708619254,2.9834341359503975,1.9690714336383628,1.482631583,57,244074,4
2.5255246708619254,2.9834341359503975,1.9690714336383628,1.632499949,8,39146,1
2.5255246708619254,2.9834341359503975,1.5545777366064535,1.576666641,15,78468,1
2.5255246708619254,2.9834341359503975,1.5545777366064535,1.4182539719999998,63,325653,2
2.5255246708619254,2.9834341359503975,1.5545777366064535,1.4416666830000002,12,66277,1
2.5255246708619254,2.9834341359503975,1.5545777366064535,1.45874998,16,93002,1
2.5255246708619254,2.9834341359503975,1.7142257217847767,1.5170370519999998,27,109723,1
2.5255246708619254,2.9834341359503975,1.7142257217847767,1.4317142859999998,35,118941,4
2.5255246708619254,2.9834341359503975,2.994653446097016,1.421063844,47,221576,6
2.5255246708619254,2.9834341359503975,2.994653446097016,1.639999986,1,8341,1
2.5255246708619254,2.9834341359503975,2.994653446097016,1.3934615119999998,26,120335,2
2.5255246708619254,2.9834341359503975,1.853705786776653,1.571749997,40,182098,1
2.5255246708619254,2.9834341359503975,1.853705786776653,1.3765384719999998,52,227473,1
2.5255246708619254,2.9834341359503975,3.981240049911794,1.5239565030000002,230,1050947,6
2.5255246708619254,2.9834341359503975,3.981240049911794,1.319074065,162,720859,13
2.5255246708619254,2.9834341359503975,2.862608520088835,1.37000002,8,41111,1
2.5255246708619254,2.9834341359503975,3.9596877313412744,1.495999985,25,148616,6
2.5255246708619254,2.9834341359503975,3.9596877313412744,1.56162965,135,707260,13
2.5255246708619254,2.9834341359503975,3.9596877313412744,1.631153858,26,139596,1
2.5255246708619254,2.9834341359503975,1.7636785786392084,1.5090908790000002,22,105399,2
2.5255246708619254,2.9834341359503975,2.319283618959395,1.458200021,50,222378,1
2.5255246708619254,2.9834341359503975,2.209694532864243,1.399428577,210,975792,10
2.5255246708619254,2.9834341359503975,2.209694532864243,1.336399998,125,579150,5
2.5255246708619254,2.9834341359503975,2.209694532864243,1.528395074,81,449588,5
2.5255246708619254,2.9834341359503975,2.209694532864243,1.530357178,56,318157,3
2.5255246708619254,2.9834341359503975,2.209694532864243,1.5158139469999998,43,196967,2
2.5255246708619254,2.9834341359503975,1.7725641437677435,1.254864867,37,158298,4
2.5255246708619254,2.9834341359503975,1.7725641437677435,1.246545447,55,222739,5
2.5255246708619254,2.9834341359503975,1.648293963254593,1.637999988,5,20780,1
2.5255246708619254,2.9834341359503975,2.474225721784777,1.471212105,33,128616,2
2.4922068390740257,2.9834341359503975,3.161112128425807,1.3488524430000002,61,258954,1
2.4922068390740257,2.9834341359503975,3.161112128425807,1.490208355,48,205289,3
2.4922068390740257,2.9834341359503975,3.161112128425807,1.38710142,138,611601,8
2.4922068390740257,2.9834341359503975,3.161112128425807,1.381416311,233,947657,8
2.4922068390740257,2.9834341359503975,3.161112128425807,1.327142864,49,233043,2
2.4922068390740257,2.9834341359503975,3.8049162123965274,1.3719013999999998,142,582725,9
2.4922068390740257,2.9834341359503975,2.9351464045717686,1.538431359,51,265038,2
2.4922068390740257,2.9834341359503975,2.9351464045717686,1.3751281709999998,39,222273,6
2.4922068390740257,2.9834341359503975,2.9351464045717686,1.4339411640000002,170,797234,4
2.4922068390740257,2.9834341359503975,2.9351464045717686,1.444450539,182,925555,4
2.4922068390740257,2.9834341359503975,1.996719160104987,1.350000064,3,22210,1
2.4922068390740257,2.9834341359503975,1.9690714336383628,1.4918181680000002,11,46391,3
2.4922068390740257,2.9834341359503975,1.9690714336383628,1.580714283,42,190477,1
2.4922068390740257,2.9834341359503975,1.9690714336383628,1.372857128,7,25382,1
2.4922068390740257,2.9834341359503975,1.5545777366064535,1.301176478,17,65726,2
2.4922068390740257,2.9834341359503975,1.327318460192476,1.530588244,51,195220,1
2.4922068390740257,2.9834341359503975,1.327318460192476,1.5140740469999998,27,107501,2
2.4922068390740257,2.9834341359503975,2.994653446097016,1.400158733,63,197772,7
2.4922068390740257,2.9834341359503975,2.994653446097016,1.398285675,35,138154,1
2.4922068390740257,2.9834341359503975,2.994653446097016,1.38913042,69,270124,2
2.4922068390740257,2.9834341359503975,1.853705786776653,1.388701296,77,303971,11
2.4922068390740257,2.9834341359503975,1.853705786776653,1.3902732080000002,183,682046,4
2.4922068390740257,2.9834341359503975,1.853705786776653,1.413734946,83,328365,2
2.4922068390740257,2.9834341359503975,3.981240049911794,1.413985504,276,1083259,11
2.4922068390740257,2.9834341359503975,3.981240049911794,1.389428569,245,913929,7
2.4922068390740257,2.9834341359503975,2.862608520088835,1.39458335,24,101586,2
2.4922068390740257,2.9834341359503975,2.862608520088835,1.4408695619999998,46,181053,3
2.4922068390740257,2.9834341359503975,2.862608520088835,1.376571431,35,133419,2
2.4922068390740257,2.9834341359503975,3.9596877313412744,1.381592914,113,489573,3
2.4922068390740257,2.9834341359503975,3.9596877313412744,1.486237131,194,822023,6
2.4922068390740257,2.9834341359503975,1.7636785786392084,1.392068974,29,93176,1
2.4922068390740257,2.9834341359503975,1.3790631940238238,1.4830769119999998,13,47229,1
2.4922068390740257,2.9834341359503975,1.3790631940238238,1.417916673,24,92263,1
2.4922068390740257,2.9834341359503975,1.3790631940238238,1.412857147,21,81551,1
2.4922068390740257,2.9834341359503975,2.319283618959395,1.4934374730000002,32,141037,3
2.4922068390740257,2.9834341359503975,2.319283618959395,1.413291143,79,319501,0
2.4922068390740257,2.9834341359503975,1.4025292293008829,1.280526324,19,72741,2
2.4922068390740257,2.9834341359503975,2.209694532864243,1.3963703719999998,135,597419,2
2.4922068390740257,2.9834341359503975,2.209694532864243,1.5780952540000002,21,98768,1
2.4922068390740257,2.9834341359503975,1.7725641437677435,1.459756104,41,173165,1
2.4922068390740257,2.9834341359503975,1.792782152230971,1.623846128,13,55823,1
2.4922068390740257,2.9834341359503975,1.792782152230971,1.369642879,28,118451,4
2.4922068390740257,2.9834341359503975,1.648293963254593,1.401818194,22,74424,1
2.4922068390740257,2.9834341359503975,2.474225721784777,1.215833326,12,47929,1
2.4922068390740257,2.9834341359503975,2.474225721784777,1.326666643,12,40801,0
2.4922068390740257,2.9834341359503975,1.404636920384952,1.424705891,17,66017,1
2.6417524732485362,2.9834341359503975,3.161112128425807,1.331843579,179,725043,5
2.6417524732485362,2.9834341359503975,3.161112128425807,1.3683505230000002,97,382776,5
2.6417524732485362,2.9834341359503975,3.161112128425807,1.4715328769999998,137,548250,5
2.6417524732485362,2.9834341359503975,3.161112128425807,1.344161844,346,1358324,8
2.6417524732485362,2.9834341359503975,3.8049162123965274,1.441349688,163,662249,2
2.6417524732485362,2.9834341359503975,3.8049162123965274,1.403453233,139,559554,2
2.6417524732485362,2.9834341359503975,2.9351464045717686,1.539558807,68,320757,2
2.6417524732485362,2.9834341359503975,2.9351464045717686,1.463118791,202,906151,1
2.6417524732485362,2.9834341359503975,2.9351464045717686,1.378231716,164,699314,3
2.6417524732485362,2.9834341359503975,2.9351464045717686,1.452979813,198,850337,3
2.6417524732485362,2.9834341359503975,2.9351464045717686,1.278947389,247,1015460,9
2.6417524732485362,2.9834341359503975,1.996719160104987,1.466916295,227,890295,1
2.6417524732485362,2.9834341359503975,1.996719160104987,1.456134026,194,791817,4
2.6417524732485362,2.9834341359503975,1.996719160104987,1.521842116,76,317601,1
2.6417524732485362,2.9834341359503975,1.996719160104987,1.508048796,164,685211,4
2.6417524732485362,2.9834341359503975,3.0259285771096796,1.600000024,7,32781,2
2.6417524732485362,2.9834341359503975,3.0259285771096796,1.339999999,19,76785,3
2.6417524732485362,2.9834341359503975,3.0259285771096796,1.454029118,206,719083,12
2.6417524732485362,2.9834341359503975,2.6371128608923886,1.312336459,107,368480,5
2.6417524732485362,2.9834341359503975,2.6371128608923886,1.3819178230000002,73,260945,2
2.6417524732485362,2.9834341359503975,1.9690714336383628,1.335000038,10,40998,1
2.6417524732485362,2.9834341359503975,1.9690714336383628,1.391509427,53,183293,2
2.6417524732485362,2.9834341359503975,1.5545777366064535,1.395636348,55,221561,1
2.6417524732485362,2.9834341359503975,1.5545777366064535,1.337798141,109,436943,1
2.6417524732485362,2.9834341359503975,1.327318460192476,1.391888901,90,284488,1
2.6417524732485362,2.9834341359503975,1.7142257217847767,1.207187493,32,85083,1
2.6417524732485362,2.9834341359503975,1.7142257217847767,1.427999997,5,14167,1
2.6417524732485362,2.9834341359503975,2.994653446097016,1.392738073,84,300637,2
2.6417524732485362,2.9834341359503975,2.994653446097016,1.3641085309999998,129,449921,5
2.6417524732485362,2.9834341359503975,2.994653446097016,1.488169024,71,282899,1
2.6417524732485362,2.9834341359503975,1.853705786776653,1.393440854,186,669671,4
2.6417524732485362,2.9834341359503975,1.853705786776653,1.675714352,28,108655,1
2.6417524732485362,2.9834341359503975,1.853705786776653,1.285890396,146,536248,3
2.6417524732485362,2.9834341359503975,3.981240049911794,1.436452812,265,1055017,16
2.6417524732485362,2.9834341359503975,3.981240049911794,1.476021805,367,1428421,10
2.6417524732485362,2.9834341359503975,3.981240049911794,1.505735304,272,1088027,9
2.6417524732485362,2.9834341359503975,2.862608520088835,1.31269231,78,288517,3
2.6417524732485362,2.9834341359503975,2.862608520088835,1.266603794,53,202231,3
2.6417524732485362,2.9834341359503975,2.862608520088835,1.428750016,16,73222,1
2.6417524732485362,2.9834341359503975,2.862608520088835,1.405104156,96,348542,2
2.6417524732485362,2.9834341359503975,3.9596877313412744,1.387481192,266,1097966,16
2.6417524732485362,2.9834341359503975,3.9596877313412744,1.435434762,138,526923,2
2.6417524732485362,2.9834341359503975,3.9596877313412744,1.378787887,66,264386,4
2.6417524732485362,2.9834341359503975,3.9596877313412744,1.312378858,227,854940,8
2.6417524732485362,2.9834341359503975,1.7636785786392084,1.47911766,34,113567,3
2.6417524732485362,2.9834341359503975,1.7636785786392084,1.569999973,6,22859,1
2.6417524732485362,2.9834341359503975,1.3790631940238238,1.578461537,13,51754,1
2.6417524732485362,2.9834341359503975,1.3790631940238238,1.362142855,28,104347,4
2.6417524732485362,2.9834341359503975,2.209694532864243,1.464433015,97,391998,3
2.6417524732485362,2.9834341359503975,2.209694532864243,1.426595754,282,1111156,5
2.6417524732485362,2.9834341359503975,2.209694532864243,1.361538453,117,427772,3
2.6417524732485362,2.9834341359503975,1.7725641437677435,1.423970582,136,536457,2
2.6417524732485362,2.9834341359503975,1.7725641437677435,1.554418575,43,179894,2
2.6417524732485362,2.9834341359503975,1.7725641437677435,1.363893135,131,479882,6
2.6417524732485362,2.9834341359503975,1.7725641437677435,1.432527485,91,358261,1
2.6417524732485362,2.9834341359503975,1.792782152230971,1.30522727,88,346688,2
3.3579757448351746,2.736687425033085,5.836520434945632,1.599999964,2,33445,1
3.3579757448351746,2.736687425033085,9.231955380577428,1.50599997,5,72228,4
3.3579757448351746,2.736687425033085,2.106955380577428,1.3450000290000002,2,49699,2
3.3579757448351746,2.736687425033085,3.9759405074365706,1.518333316,18,189761,4
3.3579757448351746,2.736687425033085,4.3569553805774275,1.453783776,37,312524,2
3.3579757448351746,2.736687425033085,7.539515893846603,1.452619025,42,496760,10
3.3579757448351746,2.736687425033085,4.31729367162438,1.37264704,34,310988,11
3.3579757448351746,2.736687425033085,4.693663292088488,1.3455555380000002,9,98606,1
3.3579757448351746,2.736687425033085,6.9819553805774275,1.599999964,2,51104,3
3.3579757448351746,2.736687425033085,3.979377577802775,1.45863637,22,276762,5
2.5255246708619254,2.736687425033085,9.231955380577428,1.480000019,2,33534,1
2.5255246708619254,2.736687425033085,2.106955380577428,1.4812499730000002,16,128859,1
2.5255246708619254,2.736687425033085,3.9759405074365706,1.411666682,12,92080,3
2.5255246708619254,2.736687425033085,4.3569553805774275,1.413636341,33,211882,3
2.5255246708619254,2.736687425033085,7.539515893846603,1.408888883,9,112776,1
2.5255246708619254,2.736687425033085,4.7319553805774275,1.415714289,14,145324,2
2.5255246708619254,2.736687425033085,5.836520434945632,1.518571445,14,106492,2
2.5255246708619254,2.736687425033085,4.31729367162438,1.3576666869999998,30,233845,3
2.5255246708619254,2.736687425033085,6.9819553805774275,1.471176484,17,155426,3
2.5255246708619254,2.736687425033085,3.979377577802775,1.439999938,8,97540,2
2.5255246708619254,2.736687425033085,2.4759405074365706,1.54000001,5,61441,1
2.4922068390740257,2.736687425033085,5.836520434945632,1.3499999580000002,9,76703,3
2.4922068390740257,2.736687425033085,9.231955380577428,1.496000034,10,68619,1
2.4922068390740257,2.736687425033085,7.642607174103237,1.49000001,1,17559,1
2.4922068390740257,2.736687425033085,4.3569553805774275,1.498421054,19,137879,2
2.4922068390740257,2.736687425033085,3.809273840769904,1.5149999980000002,10,67710,1
2.4922068390740257,2.736687425033085,7.539515893846603,1.469024368,41,348180,3
2.4922068390740257,2.736687425033085,4.7319553805774275,1.595555531,18,146246,3
2.4922068390740257,2.736687425033085,4.31729367162438,1.452916652,24,187236,2
2.4922068390740257,2.736687425033085,4.693663292088488,1.50000004,9,72157,1
2.4922068390740257,2.736687425033085,6.9819553805774275,1.355999994,10,91180,1
2.4922068390740257,2.736687425033085,3.979377577802775,1.543333312,6,86293,1
2.6417524732485362,2.736687425033085,5.836520434945632,1.495000005,12,101410,4
2.6417524732485362,2.736687425033085,2.106955380577428,1.430555569,18,134245,2
2.6417524732485362,2.736687425033085,7.642607174103237,1.504000038,20,125650,4
2.6417524732485362,2.736687425033085,4.3569553805774275,1.4520000219999998,5,50406,1
2.6417524732485362,2.736687425033085,7.539515893846603,1.416923074,13,121769,2
2.6417524732485362,2.736687425033085,4.7319553805774275,1.485294118,34,267106,4
2.6417524732485362,2.736687425033085,5.836520434945632,1.441052617,57,365539,5
2.6417524732485362,2.736687425033085,4.31729367162438,1.464000015,25,188758,2
2.6417524732485362,2.736687425033085,6.9819553805774275,1.506153858,13,108426,1
2.6417524732485362,2.736687425033085,3.979377577802775,1.516666717,9,138525,3
2.6417524732485362,2.736687425033085,2.4759405074365706,1.440952386,21,150858,1
3.3579757448351746,2.9834341359503975,9.231955380577428,1.403456826,81,524306,10
3.3579757448351746,2.9834341359503975,2.106955380577428,1.269999981,9,104496,3
3.3579757448351746,2.9834341359503975,3.9759405074365706,1.463529447,68,452519,7
3.3579757448351746,2.9834341359503975,7.642607174103237,1.457631607,76,442919,21
3.3579757448351746,2.9834341359503975,4.3569553805774275,1.405581386,86,596831,11
3.3579757448351746,2.9834341359503975,3.809273840769904,1.366923089,26,173912,2
3.3579757448351746,2.9834341359503975,7.539515893846603,1.391162812,86,780967,20
3.3579757448351746,2.9834341359503975,4.7319553805774275,1.398749993,8,132124,4
3.3579757448351746,2.9834341359503975,5.836520434945632,1.389200006,100,623137,12
3.3579757448351746,2.9834341359503975,4.31729367162438,1.448000044,10,99020,4
3.3579757448351746,2.9834341359503975,4.693663292088488,1.400000002,117,665817,23
3.3579757448351746,2.9834341359503975,6.9819553805774275,1.3998749940000002,80,699232,12
2.5255246708619254,2.9834341359503975,5.836520434945632,1.3681818140000002,11,72982,1
2.5255246708619254,2.9834341359503975,9.231955380577428,1.421077829,167,975884,14
2.5255246708619254,2.9834341359503975,2.106955380577428,1.450909076,33,245607,3
2.5255246708619254,2.9834341359503975,3.809273840769904,1.444210539,114,485369,3
2.5255246708619254,2.9834341359503975,7.539515893846603,1.444820116,139,866355,11
2.5255246708619254,2.9834341359503975,4.7319553805774275,1.461388846,72,502710,8
2.5255246708619254,2.9834341359503975,5.836520434945632,1.446818214,88,475184,4
2.5255246708619254,2.9834341359503975,4.31729367162438,1.461063831,47,357401,8
2.5255246708619254,2.9834341359503975,4.693663292088488,1.432142871,14,99810,2
2.5255246708619254,2.9834341359503975,6.9819553805774275,1.568333328,6,81569,3
2.5255246708619254,2.9834341359503975,3.979377577802775,1.464150939,53,441192,6
2.5255246708619254,2.9834341359503975,2.4759405074365706,1.5209090930000002,11,90470,1
2.4922068390740257,2.9834341359503975,5.836520434945632,1.486445768,166,834243,18
2.4922068390740257,2.9834341359503975,9.231955380577428,1.4683552290000002,152,696612,31
2.4922068390740257,2.9834341359503975,2.106955380577428,1.40854165,48,329333,1
2.4922068390740257,2.9834341359503975,3.9759405074365706,1.4241071509999998,224,1114711,6
2.4922068390740257,2.9834341359503975,7.642607174103237,1.4298275669999998,58,267316,3
2.4922068390740257,2.9834341359503975,4.3569553805774275,1.5,38,228629,2
2.4922068390740257,2.9834341359503975,3.809273840769904,1.4661006419999998,159,758340,13
2.4922068390740257,2.9834341359503975,7.539515893846603,1.461610715,149,877535,5
2.4922068390740257,2.9834341359503975,4.7319553805774275,1.448699583,223,1357386,10
2.4922068390740257,2.9834341359503975,5.836520434945632,1.442459044,61,280240,2
2.4922068390740257,2.9834341359503975,4.31729367162438,1.406000011,75,419922,3
2.4922068390740257,2.9834341359503975,4.693663292088488,1.4566264780000002,83,402975,1
2.4922068390740257,2.9834341359503975,6.9819553805774275,1.426777247,211,1137635,30
2.4922068390740257,2.9834341359503975,2.4759405074365706,1.557999981,40,250234,4
2.6417524732485362,2.9834341359503975,5.836520434945632,1.43189741,195,904907,11
2.6417524732485362,2.9834341359503975,9.231955380577428,1.477102825,107,589270,10
2.6417524732485362,2.9834341359503975,2.106955380577428,1.500416696,24,168714,2
2.6417524732485362,2.9834341359503975,3.9759405074365706,1.485454592,11,71982,1
2.6417524732485362,2.9834341359503975,7.642607174103237,1.4785454319999998,110,558666,14
2.6417524732485362,2.9834341359503975,4.3569553805774275,1.420212742,235,1118200,11
2.6417524732485362,2.9834341359503975,3.809273840769904,1.465652196,23,107100,1
2.6417524732485362,2.9834341359503975,7.539515893846603,1.453687503,160,877769,13
2.6417524732485362,2.9834341359503975,4.7319553805774275,1.4451515169999998,33,212508,4
2.6417524732485362,2.9834341359503975,5.836520434945632,1.4213888769999998,252,1129773,13
2.6417524732485362,2.9834341359503975,4.31729367162438,1.449000029,120,637549,3
2.6417524732485362,2.9834341359503975,4.693663292088488,1.4389285530000002,28,151531,2
2.6417524732485362,2.9834341359503975,3.979377577802775,1.47192593,135,790253,8
2.6417524732485362,2.9834341359503975,2.4759405074365706,1.452719287,114,513161,5
